,Pos,No.,Name,Club,Category,Time Taken,Award,Generation,Newcomer,Events,Generation,Ingleborough,Cold Cotes,Whernside,Ribblehead,Pen-y-ghent,Finish
Details/Certificate,1st,1,Paul Oldham,Hope Factory Racing,MV40,03:06:16,Elite,G, ,14,P/S Chris & Paul Oldham,00:46:40,01:00:20,01:43:16,02:01:29,02:46:41,03:06:16
Details/Certificate,2nd,235,David Mirfield,U/A Colne,M,03:09:45,Elite, , ,4, ,00:49:28,01:02:07,01:47:58,02:05:19,02:53:00,03:09:45
Details/Certificate,3rd,218,Alexander Forrester,zepnat.com,M,03:10:25,Elite, , ,16, ,00:47:49,01:02:20,01:47:01,02:05:06,02:52:24,03:10:25
Details/Certificate,4th,365,Adrian Lansley,Pedalon,MV40,03:12:30,Elite, , ,3, ,00:47:16,01:02:06,01:48:52,02:07:35,02:54:35,03:12:30
Details/Certificate,5th,130,Gary MacdonaldFacebookStrava,Hope Factory Racing,M,03:12:47,Elite, , ,4, ,00:49:57,01:02:40,01:50:26,02:07:36,02:55:07,03:12:47
Details/Certificate,6th,154,Giles DrakeFacebookTwitterInstagramStrava,Leisure Lakes Bikes.Com,M,03:14:03,Elite, ,N,0, ,00:46:55,01:01:53,01:46:58,02:11:05,02:53:15,03:14:03
Details/Certificate,7th,380,Nick Craig,SCOTT-UK,MV40,03:15:19,Elite, , ,18, ,00:48:24,01:01:55,01:46:02,02:08:31,02:55:31,03:15:19
Details/Certificate,8th,202,Jonathan Pugh,The Bulls,M,03:15:37,Elite, , ,2, ,00:48:25,01:02:00,01:47:51,02:06:13,02:56:13,03:15:37
Details/Certificate,9th,282,Ben BardsleyTwitterStrava,Cyclewise Altura,MV40,03:19:30,Elite, , ,9, ,00:48:55,01:03:19,01:49:33,02:08:45,02:59:36,03:19:30
Details/Certificate,10th,243,Thomas Zahnd,U/A Switzerland,M,03:20:25,Elite, ,N,0, ,00:49:31,01:03:41,01:51:25,02:12:41,03:00:05,03:20:25
Details/Certificate,11th,150,Jonathan Dennis,Kibosh,M,03:22:12,Elite, ,N,0, ,00:50:19,01:06:37,01:52:21,02:13:14,03:01:52,03:22:12
Details/Certificate,12th,213,Lewis Craven,Wheelbase Altura MGD,M,03:23:31,Elite, , ,11, ,00:48:30,01:01:51,01:50:05,02:09:03,03:02:28,03:23:31
Details/Certificate,13th,178,Neil PhillipsTwitterInstagramStrava,Rapha Cycling Club,M,03:23:40,Elite, , ,2, ,00:50:54,01:06:33,01:54:34,02:14:38,03:04:30,03:23:40
Details/Certificate,14th,170,Sam AllenInstagram,Pedalon,M,03:23:43,Elite, ,N,0, ,00:49:59,01:05:49,01:53:50,02:14:38,03:04:46,03:23:43
Details/Certificate,15th,270,Ian Taylor,C & N Cycles,MV40,03:24:32,Elite, , ,18, ,00:49:24,01:02:02,01:50:16,02:11:34,03:05:14,03:24:32
Details/Certificate,16th,604,Tim Gould,zepnat.com,MV50,03:24:39,Elite, , ,12, ,00:50:23,01:05:58,01:54:09,02:14:01,03:05:25,03:24:39
Details/Certificate,17th,160,Nick Williamson,Midlothian Velo sportive,M,03:25:00,Elite, , ,2, ,00:52:55,01:07:24,01:55:46,02:14:45,03:06:16,03:25:00
Details/Certificate,18th,97,John Whittington,BGCC,M,03:25:41,Elite, , ,1, ,00:50:41,01:05:20,01:53:50,02:14:30,03:04:04,03:25:41
Details/Certificate,19th,389,Simon Rodgers,Shibden CC,MV40,03:26:16,Elite, , ,9, ,00:50:12,01:05:24,01:53:20,02:13:20,03:03:26,03:26:16
Details/Certificate,20th,388,Andrew PeaceFacebook,Shibden CC,MV40,03:27:01,Elite, , ,21, ,00:50:02,01:04:41,01:53:19,02:13:05,03:06:22,03:27:01
Details/Certificate,21st,66,Tom Martin,Wheelbase Altura MGD,MU23,03:28:13,Elite, ,N,0, ,00:49:33,01:04:52,01:52:18,02:13:00,03:07:08,03:28:13
Details/Certificate,22nd,175,David Beskeen,Psyclewerx,M,03:28:45,Elite, , ,3, ,00:52:42,01:08:20,01:57:10,02:17:24,03:09:10,03:28:45
Details/Certificate,23rd,121,Simon Richardson,Global Cycling Network,M,03:28:47,Elite, , ,1, ,00:52:41,01:07:24,01:58:50,02:18:35,03:09:29,03:28:47
Details/Certificate,24th,276,Robert Hope,Chorley Cycling Club,MV40,03:28:49,Elite, , ,4, ,00:49:15,01:04:51,01:53:20,02:14:51,03:07:00,03:28:49
Details/Certificate,25th,434,Daniel Alexander,zepnat.com,MV40,03:29:00,Elite, , ,9, ,00:51:52,01:08:09,01:56:42,02:17:50,03:07:42,03:29:00
Details/Certificate,26th,412,Ryan Stockton,TNFC,MV40,03:29:05,Elite, , ,1, ,00:52:52,01:07:27,01:57:12,02:16:34,03:09:56,03:29:05
Details/Certificate,27th,166,Ryan HenryFacebook,Numplumz MTB / Oakham Sports Massage,M,03:29:15,Elite, , ,7, ,00:55:29,01:09:23,02:00:26,02:18:36,03:11:14,03:29:15
Details/Certificate,28th,294,Benjamin Lewis,Forest Side Riders,MV40,03:29:52,Elite, , ,8, ,00:53:09,01:07:17,01:57:34,02:16:22,03:10:25,03:29:52
Details/Certificate,29th,248,Stefan Macina,Aurelius Cycles,MV40,03:30:12,First, , ,12, ,00:53:11,01:08:23,01:58:07,02:18:31,03:10:08,03:30:12
Details/Certificate,30th,217,Andrew Boyd,zepnat.com,M,03:30:13,First, ,N,0, ,00:55:20,01:10:46,02:00:16,02:20:13,03:11:02,03:30:13
Details/Certificate,31st,255,Dan Whitehead,Bike Station Ballater,MV40,03:30:16,First, , ,9, ,00:49:20,01:02:53,01:53:02,02:12:40,03:09:19,03:30:16
Details/Certificate,32nd,382,Kris LapereInstagram,SCOTT-UK,,,,,,,,,,,,,
Details/Certificate,33rd,85,Hamish Fletcher-Cooney,All Terrain Cycles Ride in Peace,M,03:32:20,First, , ,2, ,00:52:14,01:04:34,01:55:12,02:15:05,03:10:43,03:32:20
Details/Certificate,34th,267,Adrian Lawrence,C & N Cycles,MV40,03:33:00,First, , ,4, ,00:54:04,01:09:43,02:00:47,02:21:33,03:13:35,03:33:00
Details/Certificate,35th,142,Ted Mason,Ilkley Cycles,M,03:33:11,First, , ,3, ,00:53:58,01:08:20,01:58:43,02:18:03,03:13:07,03:33:11
Details/Certificate,36th,96,Graham WadsworthTwitter,BGCC,M,03:33:59,First, ,N,0, ,00:54:07,01:10:22,02:00:32,02:21:41,03:13:01,03:33:59
Details/Certificate,37th,172,Christopher Minter,Pedalon,M,03:35:09,First, , ,1, ,00:55:46,01:11:39,02:02:35,02:23:06,03:15:45,03:35:09
Details/Certificate,38th,156,Scott Chalmers,Magspeed Racing,M,03:35:15,First, , ,3, ,00:52:26,01:08:54,02:00:14,02:21:36,03:13:12,03:35:15
Details/Certificate,39th,138,Thomas Randall,Huddersfield Star Wheelers,M,03:35:47,First, , ,18, ,00:53:13,01:08:23,01:58:25,02:18:40,03:14:32,03:35:47
Details/Certificate,40th,199,Mirko Pfau,Team WNT,M,03:36:05,First, , ,2, ,00:51:06,01:06:31,01:55:52,02:22:43,03:16:00,03:36:05
Details/Certificate,41st,226,Matthew Fretwell,U/A Ingleton,M,03:36:33,First, , ,6, ,00:54:34,01:07:33,02:01:49,02:20:46,03:17:01,03:36:33
Details/Certificate,42nd,155,Simon Harding,Macclesfield Harriers,M,03:37:10,First, , ,7, ,00:52:53,01:07:49,01:58:38,02:19:29,03:14:18,03:37:10
Details/Certificate,43rd,309,Dave HaygarthFacebookTwitterInstagramStrava,Here Come The Belgians,MV40,03:37:33,First, , ,18, ,00:53:16,01:07:00,01:58:01,02:17:33,03:12:55,03:37:33
Details/Certificate,44th,135,Sam Watson,Hope Factory Racing,M,03:37:40,First, , ,3, ,00:55:24,01:11:03,02:01:51,02:22:58,03:16:46,03:37:40
Details/Certificate,45th,318,Mike MooneyTwitterInstagram,Hub Velo,MV40,03:38:12,First, , ,2, ,00:54:43,01:10:25,02:00:51,02:21:36,03:16:44,03:38:12
Details/Certificate,46th,581,Ian Holmes,Shibden CC,MV50,03:38:33,First, , ,17, ,00:53:46,01:08:20,01:59:38,02:20:42,03:16:07,03:38:33
Details/Certificate,47th,69,William Weatherill,Hope Factory Racing,MU23,03:38:47,First,G, ,1,P/S Ian & William Weatherill,00:56:45,01:11:45,02:05:48,02:26:06,03:19:02,03:38:47
Details/Certificate,48th,115,Peter Davies,Dark Peak Fell Runners,M,03:39:10,First, , ,1, ,00:57:03,01:13:07,02:03:58,02:26:41,03:19:11,03:39:10
Details/Certificate,49th=,386,Richard Greenep,Settle Wheelers,MV40,03:39:20,First, , ,4, ,00:55:53,01:11:19,02:03:08,02:24:18,03:19:36,03:39:20
Details/Certificate,49th=,151,Chirs Bailey,KTM Impsport RT,M,03:39:20,First, ,N,0, ,00:56:46,01:13:26,02:04:39,02:25:55,03:19:10,03:39:20
Details/Certificate,51st,376,Richard Groenendaal,RGTC,,,,,,,,,,,,,
Details/Certificate,52nd,399,Phil SimcockTwitter,Team JMC,MV40,03:40:01,First, , ,6, ,00:54:49,01:10:19,02:01:02,02:23:50,03:19:35,03:40:01
Details/Certificate,53rd,430,James Waddington,X-Bionic / Velosport Team,MV40,03:40:54,First, , ,1, ,00:54:07,01:09:51,02:00:42,02:22:23,03:19:18,03:40:54
Details/Certificate,54th,329,Doug Hart,Ilkley CC,MV40,03:40:55,First, , ,11, ,00:53:42,01:09:20,02:00:42,02:21:31,03:20:18,03:40:55
Details/Certificate,55th,358,Nicholas Whitley,North Wales Cyclocross / Chester RC,MV40,03:41:10,First, , ,2, ,00:52:04,01:07:27,01:56:43,02:22:39,03:20:25,03:41:10
Details/Certificate,56th,65,Callum Macleod,Pedalon,MU18,03:42:06,First, ,N,0, ,00:57:05,01:11:40,02:05:38,02:26:27,03:21:46,03:42:06
Details/Certificate,57th,379,Ian PalmerInstagram,Santacruz,MV40,03:42:29,First, ,N,0, ,00:57:16,01:13:29,02:05:22,02:25:55,03:21:47,03:42:29
Details/Certificate,58th=,125,Paul Upton,Helm Hill Runners,M,03:42:40,First, , ,1, ,00:55:03,01:11:02,02:02:21,02:23:27,03:21:41,03:42:40
Details/Certificate,58th=,459,Mat Livesey,U/A Silverdale,MV40,03:42:40,First, , ,3, ,00:54:13,01:10:57,02:02:23,02:24:10,03:21:52,03:42:40
Details/Certificate,60th,616,Paul MassonTwitterInstagram,U/A Aviemore,MV50,03:43:22,First, , ,1, ,00:56:47,01:13:36,02:05:47,02:28:25,03:21:22,03:43:22
Details/Certificate,61st,84,Matthew Grimshaw,AlbaRosa CC,M,03:43:26,First, ,N,0, ,00:55:41,01:11:34,02:04:47,02:26:54,03:22:55,03:43:26
Details/Certificate,62nd,225,Richard Firth,U/A Leeds,M,03:43:56,First, , ,2, ,00:55:04,01:10:53,02:01:42,02:21:31,03:22:29,03:43:56
Details/Certificate,63rd,441,Robert CarrFacebook,U/A Skipton,MV40,03:44:39,First, , ,3, ,00:54:55,01:07:23,02:00:46,02:19:04,03:24:02,03:44:39
Details/Certificate,64th,304,Jonty Bright,Harrogate Nova,MV40,03:44:51,First, , ,1, ,00:54:23,01:10:13,02:00:08,02:27:31,03:24:04,03:44:51
Details/Certificate,65th,204,Matthew Humpage,Trek Bicycle Club,M,03:44:52,First, , ,2, ,00:55:12,01:11:23,02:05:51,02:29:03,03:24:30,03:44:52
Details/Certificate,66th,312,Phil Hinchliffe,Holmfirth Cycling Club,MV40,03:44:56,First, , ,28, ,00:56:40,01:11:36,02:04:20,02:25:59,03:22:36,03:44:56
Details/Certificate,67th,284,Chris Hope,Cyclewise Altura,MV40,03:44:59,First, , ,1, ,00:56:49,01:12:49,02:05:44,02:26:50,03:24:06,03:44:59
Details/Certificate,68th,477,Steve Young,U/A Grange-over-Sands,MV40,03:45:31,First, , ,4, ,00:57:40,01:14:57,02:07:22,02:28:55,03:24:18,03:45:31
Details/Certificate,69th,93,David Poole,Barlick Fell Runners,M,03:45:50,First, , ,3, ,00:57:46,01:13:29,02:07:44,02:28:51,03:25:02,03:45:50
Details/Certificate,70th,251,Chris Robinson,Beacon Wheelers,MV40,03:45:55,First, ,N,0, ,00:55:28,01:12:01,02:03:57,02:27:56,03:23:19,03:45:55
Details/Certificate,71st,295,Roger Maidment,Forest Side Riders,MV40,03:45:59,First, ,N,0, ,00:54:11,01:11:06,02:02:59,02:26:46,03:23:29,03:45:59
Details/Certificate,72nd,184,Scot Easter,SCOTT-UK,M,03:46:14,First, , ,8, ,00:53:23,01:09:25,02:02:12,02:24:07,03:24:17,03:46:14
Details/Certificate,73rd,169,Robert Watson,Paceline Cycles North,M,03:46:16,First, , ,4, ,00:55:24,01:07:54,02:03:34,02:21:39,03:26:47,03:46:16
Details/Certificate,74th,523,John Houlihan,Here Come The Belgians,MV50,03:46:31,First, , ,3, ,00:56:26,01:11:48,02:05:58,02:26:45,03:24:50,03:46:31
Details/Certificate,75th,112,Andy Laycock,Clayton-le-Moors Harriers,M,03:47:13,First,G, ,1,P/S Stephen & Andy Laycock,00:56:11,01:13:23,02:05:04,02:28:54,03:25:11,03:47:13
Details/Certificate,76th,327,Ian CliffeTwitterStrava,Ilkley CC,MV40,03:47:40,First, , ,4, ,00:56:24,01:13:03,02:06:08,02:28:48,03:24:57,03:47:40
Details/Certificate,77th,210,Ian Dunlop,Velo Club Moulin,M,03:48:00,First, , ,3, ,00:56:53,01:14:14,02:07:17,02:29:29,03:25:23,03:48:00
Details/Certificate,78th,203,Neal Crampton,Torq,M,03:48:01,First, , ,5, ,00:51:00,01:06:01,01:55:44,02:29:03,03:21:51,03:48:01
Details/Certificate,79th,82,Bob Hewitt,Adept precision RT,M,03:48:31,First, , ,1, ,00:55:18,01:11:09,02:02:17,02:24:29,03:24:38,03:48:31
Details/Certificate,80th,427,William Wright,Will's Wheels CC,MV40,03:48:36,First, , ,9, ,00:52:22,01:10:29,02:06:27,02:30:30,03:24:48,03:48:36
Details/Certificate,81st,377,Richard Knowles,Ride One Bike Shop,MV40,03:48:42,First, , ,5, ,00:54:19,01:10:14,02:05:30,02:28:02,03:27:10,03:48:42
Details/Certificate,82nd,337,Nigel WoodTwitter,Kendal CC,MV40,03:48:47,First, , ,1, ,00:57:01,01:13:18,02:06:35,02:29:39,03:27:02,03:48:47
Details/Certificate,83rd,541,Simon Everett,Ilkley CC,MV50,03:49:48,First, , ,3, ,00:53:56,01:10:46,02:03:24,02:28:11,03:26:48,03:49:48
Details/Certificate,84th,182,Tom Canaway,Rutland CC,M,03:50:12,First, , ,4, ,00:58:34,01:16:06,02:08:59,02:33:12,03:28:29,03:50:12
Details/Certificate,85th,139,Christopher Ward,Huddersfield Star Wheelers,M,03:50:13,First, , ,4, ,00:56:29,01:12:01,02:06:46,02:28:47,03:27:10,03:50:13
Details/Certificate,86th,185,Joshua GibsonInstagram,SCOTT-UK,M,03:50:14,First, ,N,0, ,00:55:19,01:11:08,02:04:20,02:26:42,03:27:43,03:50:14
Details/Certificate,87th,404,Thomas Schneider,Team WNT,MV40,03:50:17,First, , ,2, ,00:55:16,01:11:44,02:04:58,02:28:26,03:26:56,03:50:17
Details/Certificate,88th,215,Philip Bridge,Will's Wheels CC,M,03:50:18,First, , ,8, ,01:00:19,01:19:39,02:11:55,02:35:12,03:29:23,03:50:18
Details/Certificate,89th,141,Dave Wilby,Ilkley CC,M,03:50:50,First,G, ,6,P/S Ken & Dave Wilby,00:58:04,01:15:10,02:09:12,02:32:43,03:28:56,03:50:50
Details/Certificate,90th,174,Ruairi RevellTwitterStrava,Portovelo,M,03:50:51,First, , ,2, ,00:56:46,01:13:02,02:07:12,02:29:39,03:28:44,03:50:51
Details/Certificate,91st,357,Donald Paterson,Nevis Cycles RT,MV40,03:50:54,First, ,N,0, ,00:56:27,01:11:30,02:06:55,02:28:19,03:28:42,03:50:54
Details/Certificate,92nd=,413,John Cordner,TrainSharp CC,MV40,03:51:08,First, , ,2, ,00:57:59,01:13:01,02:08:17,02:30:18,03:29:27,03:51:08
Details/Certificate,92nd=,95,Tom Southam,BGCC,M,03:51:08,First, , ,1, ,00:58:01,01:16:07,02:10:45,02:34:06,03:29:30,03:51:08
Details/Certificate,94th,383,Keith MurrayFacebookTwitterInstagramStrava,SCOTT-UK,MV40,03:52:11,First, , ,10, ,00:54:29,01:10:28,02:09:05,02:37:54,03:32:02,03:52:11
Details/Certificate,95th,98,Charlie Evans,Bikelife Coaching,M,03:52:58,First, , ,3, ,00:57:24,01:15:55,02:10:25,02:33:36,03:30:29,03:52:58
Details/Certificate,96th,195,William LintonFacebookTwitterInstagramStrava,Sunday Echappee,M,03:53:14,First, , ,3, ,00:57:10,01:14:15,02:08:30,02:33:00,03:30:55,03:53:14
Details/Certificate,97th,72,Ewan Grivell-Mellor,Mid Shropshire Wheelers,MU23,03:53:15,First,G,N,0,P/S Dave Mellor & Ewan Grivell-Mellor,00:54:41,01:17:16,02:10:48,02:33:29,03:25:34,03:53:15
Details/Certificate,98th,105,James Patterson,Caesarean Cycling Club Jersey,M,03:53:17,First, ,N,0, ,00:55:44,01:11:05,02:05:57,02:26:31,03:32:15,03:53:17
Details/Certificate,99th,369,Michael BurdonTwitter,PH-Mas Paul Milnes Oldfield ERT,MV40,03:54:22,First, , ,5, ,00:56:50,01:12:44,02:05:46,02:32:30,03:32:25,03:54:22
Details/Certificate,100th,280,Jimmy Wilson,Cyclefit RT,MV40,03:54:31,First, , ,10, ,00:59:20,01:17:44,02:12:14,02:36:09,03:32:04,03:54:31
Details/Certificate,101st,431,Craig Gath,York Cycleworks,MV40,03:54:37,First,G, ,12,P/S Stephen & Craig Gath,00:56:11,01:11:33,02:10:02,02:33:06,03:33:45,03:54:37
Details/Certificate,102nd,149,Paul Troughton,Kendal CC,M,03:54:38,First, , ,2, ,00:58:04,01:12:55,02:08:06,02:32:27,03:33:59,03:54:38
Details/Certificate,103rd,406,Robin Bradbury,TN715,MV40,03:55:40,First, , ,24, ,00:57:09,01:13:22,02:07:46,02:31:02,03:32:27,03:55:40
Details/Certificate,104th,444,Phillip Craker,U/A Ambleside,MV40,03:56:13,First, , ,4, ,00:56:19,01:13:20,02:06:20,02:30:26,03:32:46,03:56:13
Details/Certificate,105th,436,James Furniss,zepnat.com,MV40,03:56:45,First, , ,11, ,00:59:45,01:17:08,02:13:53,02:38:15,03:35:33,03:56:45
Details/Certificate,106th,509,Andy KitchinAttackpoint,Edinburgh RC,MV50,03:56:46,First, ,N,0, ,00:57:06,01:13:48,02:08:04,02:32:49,03:32:02,03:56:46
Details/Certificate,107th,634,John Galway,Keswick Bikes / YH Training,MV60,03:56:51,First, , ,3, ,00:58:06,01:16:01,02:10:40,02:34:09,03:33:00,03:56:51
Details/Certificate,108th,315,Paul Dixon,Hope Factory Racing,MV40,03:57:00,First, , ,3, ,01:01:24,01:17:20,02:13:37,02:34:59,03:36:11,03:57:00
Details/Certificate,109th,479,Richard GateFacebook,AlbaRosa CC,MV50,03:57:02,First, , ,3, ,00:57:43,01:13:50,02:10:37,02:34:51,03:35:13,03:57:02
Details/Certificate,110th,374,Paul Mace,RAF CA,MV40,03:58:47,First, , ,12, ,00:59:54,01:17:40,02:12:40,02:37:23,03:34:32,03:58:47
Details/Certificate,111th,576,Paul Lambert,Settle Harriers,MV50,03:58:48,First, , ,3, ,01:01:13,01:16:57,02:12:26,02:34:42,03:35:55,03:58:48
Details/Certificate,112th,291,Ivan Oxborough,Ellmore Factory Racing Team,MV40,03:59:19,First, , ,4, ,00:57:32,01:15:13,02:09:10,02:36:20,03:35:12,03:59:19
Details/Certificate,113th,200,Florian Presslauer,Team WNT,M,03:59:20,First, , ,2, ,00:55:49,01:12:36,02:06:01,02:30:21,03:34:13,03:59:20
Details/Certificate,114th,551,David SmithStrava,Kendal CC,MV50,03:59:39,First, , ,1, ,01:02:09,01:20:15,02:16:16,02:39:46,03:38:04,03:59:39
Details/Certificate,115th,117,Ricardo Parreirinha,Edinburgh RC,M,03:59:40,First, ,N,0, ,01:02:45,01:20:38,02:17:33,02:39:57,03:37:49,03:59:40
Details/Certificate,116th,128,Sam Gibbs,Hope Factory Racing,M,03:59:57,First, , ,5, ,01:01:58,01:18:34,02:14:36,02:37:47,03:37:28,03:59:57
Details/Certificate,117th,611,Adrian HillFacebookTwitter,U/A Elloughton,,,,,,,,,,,,,
Details/Certificate,118th,506,John Elwell,East Bradford CC,MV50,04:00:34,Second, , ,2, ,00:58:46,01:18:03,02:14:22,02:38:25,03:37:05,04:00:34
Details/Certificate,119th,110,Stuart Dun,Catcune Suffolks,M,04:00:47,Second, , ,2, ,00:58:51,01:15:08,02:09:54,02:32:16,03:33:05,04:00:47
Details/Certificate,120th,489,Peter Jowett,Bradford RCC / Lynn Motors,MV50,04:00:49,Second, , ,13, ,01:00:30,01:19:06,02:16:05,02:40:18,03:37:37,04:00:49
Details/Certificate,121st,180,Rob Meeuwessen,Rings-goirle,,,,,,,,,,,,,
Details/Certificate,122nd,264,Andrew Wadsworth,BW Cycling,MV40,04:01:00,Second, ,N,0, ,00:54:36,01:23:18,02:15:21,02:38:06,03:30:59,04:01:00
Details/Certificate,123rd,346,David Thorp,Macclesfield Wheelers,MV40,04:01:05,Second, , ,3, ,00:59:12,01:16:55,02:12:48,02:35:41,03:37:45,04:01:05
Details/Certificate,124th,590,Ian Ferguson,TN715,MV50,04:01:23,Second, , ,15, ,00:59:16,01:16:21,02:12:07,02:37:33,03:37:25,04:01:23
Details/Certificate,125th,410,Dave Freeman,TNFC,MV40,04:01:34,Second, , ,1, ,01:00:47,01:18:18,02:14:26,02:38:01,03:39:05,04:01:34
Details/Certificate,126th,393,Nigel HollTwitter,Stirling Bike Club,MV40,04:01:37,Second, ,N,0, ,01:02:59,01:20:04,02:16:25,02:39:55,03:38:47,04:01:37
Details/Certificate,127th,554,Gary Coltman,Leicestershire Road Club,MV50,04:01:39,Second, , ,1, ,01:02:27,01:17:50,02:16:34,02:38:01,03:40:37,04:01:39
Details/Certificate,128th,186,Adam Perry,Sedbergh CC,M,04:01:41,Second, ,N,0, ,00:58:36,01:17:31,02:12:13,02:38:20,03:37:30,04:01:41
Details/Certificate,129th,618,Colin Moses,U/A Keighley,MV50,04:01:43,Second, , ,15, ,00:57:14,01:13:28,02:05:03,02:42:38,03:40:47,04:01:43
Details/Certificate,130th,308,Brent Carr,Here Come The Belgians,MV40,04:01:45,Second, , ,7, ,01:00:22,01:18:03,02:15:18,02:38:43,03:40:34,04:01:45
Details/Certificate,131st,491,Mark Murphy,Bray Wheelers,,,,,,,,,,,,,
Details/Certificate,132nd,363,Tom Bird,PB Performance,MV40,04:01:50,Second, ,N,0, ,01:02:42,01:21:19,02:17:58,02:42:12,03:39:53,04:01:50
Details/Certificate,133rd,626,Richard Wilson,U/A Carlisle,MV50,04:01:55,Second, , ,2, ,01:01:18,01:19:10,02:14:47,02:39:46,03:39:15,04:01:55
Details/Certificate,134th,285,Damian Robertson,Cyclocrossrider.com,MV40,04:02:12,Second, , ,2, ,00:58:29,01:17:13,02:11:47,02:36:06,03:38:09,04:02:12
Details/Certificate,135th,266,Ryan Harris,C & N Cycles,MV40,04:02:15,Second, ,N,0, ,00:54:34,01:10:24,02:06:15,02:29:24,03:37:25,04:02:15
Details/Certificate,136th,198,Mark McGoldrickTwitter,Team Sutcliffe Con,M,04:02:28,Second, , ,3, ,00:55:58,01:12:38,02:06:06,02:30:26,03:37:40,04:02:28
Details/Certificate,137th,561,Anthony Dyment,North Hampshire RC,MV50,04:02:31,Second, , ,3, ,00:59:19,01:17:30,02:12:45,02:36:37,03:35:09,04:02:31
Details/Certificate,138th,535,John Docker,Huddersfield Star Wheelers,MV50,04:03:05,Second, , ,4, ,00:59:40,01:17:15,02:14:24,02:37:52,03:38:38,04:03:05
Details/Certificate,139th,79,Dan CharltonInstagramStrava,U/A Durham,MU23,04:03:08,Second, , ,1, ,00:59:30,01:17:22,02:12:41,02:37:06,03:39:36,04:03:08
Details/Certificate,140th,127,Sam Flanagan,Hope Factory Racing,M,04:03:28,Second, , ,1, ,00:59:29,01:14:20,02:11:34,02:32:23,03:42:00,04:03:28
Details/Certificate,141st,396,James Eddison,SwissSide Zürich,,,,,,,,,,,,,
Details/Certificate,142nd,532,Ian Weatherill,Hope Factory Racing,MV50,04:03:52,Second,G, ,9,P/S Ian & William Weatherill,01:02:41,01:18:59,02:16:00,02:39:14,03:41:18,04:03:52
Details/Certificate,143rd,455,Bob Johnston,U/A Sheffield,MV40,04:04:02,Second, , ,1, ,01:00:51,01:19:43,02:14:20,02:40:03,03:39:00,04:04:02
Details/Certificate,144th=,408,Richard AllanFacebookTwitter,TNFC,MV40,04:04:51,Second, , ,6, ,01:01:27,01:18:31,02:15:40,02:39:15,03:41:31,04:04:51
Details/Certificate,144th=,521,Richard Allen,Here Come The Belgians,MV50,04:04:51,Second, , ,10, ,01:00:45,01:17:50,02:14:15,02:38:20,03:40:40,04:04:51
Details/Certificate,146th,375,James Lyon,Rapha Cycling Club,MV40,04:05:01,Second, , ,8, ,00:59:49,01:19:23,02:16:12,02:41:29,03:40:30,04:05:01
Details/Certificate,147th,602,Rob Watson,Will's Wheels CC,MV50,04:05:07,Second, ,N,0, ,01:00:34,01:18:28,02:14:39,02:38:42,03:43:59,04:05:07
Details/Certificate,148th,216,Calllum Sewell,York Cycleworks,M,04:05:19,Second,G,N,0,P/S Richard & Callum Sewell,00:56:34,01:13:51,02:09:36,02:45:39,03:44:47,04:05:19
Details/Certificate,149th,211,Alex McNicol,Velo Club Moulin,M,04:05:22,Second, , ,1, ,00:57:22,01:21:14,02:19:43,02:43:08,03:43:47,04:05:22
Details/Certificate,150th,302,Russell Jones,Hackney GT,MV40,04:05:43,Second, , ,10, ,01:02:07,01:18:59,02:17:12,02:41:16,03:41:59,04:05:43
Details/Certificate,151st,5,Christina Wiejak,Barrow Central Wheelers,F,04:05:44,Second, , ,1, ,01:00:52,01:20:20,02:16:42,02:43:25,03:40:59,04:05:44
Details/Certificate,152nd,145,Steve Chapman,Islabikes,M,04:05:50,Second, , ,2, ,01:06:39,01:24:10,02:20:22,02:43:14,03:42:57,04:05:50
Details/Certificate,153rd,162,Paul Shears,Moonglu CC,M,04:05:52,Second, ,N,0, ,00:58:08,01:16:02,02:10:03,02:34:23,03:39:34,04:05:52
Details/Certificate,154th,425,Michael Williams,White Nancy Boys,MV40,04:05:55,Second, ,N,0, ,01:01:53,01:19:35,02:17:42,02:41:01,03:43:03,04:05:55
Details/Certificate,155th,64,Matthew Lister,Paul Milnes Cycles / Bradford Olympic RC,MU18,04:05:59,Second, ,N,0, ,00:58:33,01:16:57,02:12:16,02:38:52,03:40:22,04:05:59
Details/Certificate,156th,540,Tim Edward,Ilkley CC,MV50,04:06:23,Second, , ,3, ,00:57:14,01:14:22,02:09:37,02:34:12,03:36:54,04:06:23
Details/Certificate,157th,330,Jason Hemsley,Ilkley CC,MV40,04:06:25,Second, , ,11, ,00:59:42,01:18:13,02:14:20,02:39:53,03:41:04,04:06:25
Details/Certificate,158th,299,Simon Wood,GMFRS,MV40,04:06:39,Second, , ,1, ,01:04:00,01:20:51,02:18:40,02:40:36,03:43:23,04:06:39
Details/Certificate,159th,146,Ben Yarnold,Islabikes,M,04:06:42,Second, ,N,0, ,01:01:27,01:19:20,02:16:11,02:41:35,03:42:49,04:06:42
Details/Certificate,160th,181,Thomas Selby,Royal Navy Royal marines CA,M,04:06:49,Second, ,N,0, ,01:00:26,01:19:40,02:16:29,02:41:36,03:42:02,04:06:49
Details/Certificate,161st,546,John Wood,Ilkley CC,MV50,04:06:51,Second, , ,10, ,00:59:32,01:17:58,02:13:15,02:37:35,03:41:16,04:06:51
Details/Certificate,162nd,13,Sarah Barber,North Hampshire RC,F,04:06:56,Second, , ,4, ,01:03:26,01:19:54,02:19:01,02:42:22,03:43:59,04:06:56
Details/Certificate,163rd,373,Mark Sutton,Port Sunlight Wheelers,MV40,04:07:22,Second, ,N,0, ,00:57:30,01:15:41,02:12:25,02:38:09,03:40:21,04:07:22
Details/Certificate,164th,152,Josh HartleyFacebook,Lakes Road Club,M,04:07:40,Second, ,N,0, ,00:58:46,01:17:10,02:13:08,02:39:09,03:41:36,04:07:40
Details/Certificate,165th,241,Ivan VukomanovicStrava,U/A Wilmslow,M,04:07:44,Second, , ,7, ,01:03:50,01:21:53,02:19:52,02:42:30,03:45:31,04:07:44
Details/Certificate,166th,448,Dan Gibson,U/A Manchester,MV40,04:07:48,Second, , ,2, ,01:02:02,01:19:59,02:18:43,02:42:46,03:46:15,04:07:48
Details/Certificate,167th,259,Andrew Jackson,Bowland Fell Runners,MV40,04:07:52,Second, ,N,0, ,01:02:28,01:21:34,02:15:05,02:41:06,03:39:38,04:07:52
Details/Certificate,168th,372,Dean Vessey,Plymouth Corinthians,MV40,04:08:24,Second, ,N,0, ,01:02:36,01:21:23,02:18:03,02:43:16,03:44:14,04:08:24
Details/Certificate,169th,68,George Attwood,Here Come The Belgians,MU23,04:08:25,Second, , ,1, ,00:56:38,01:13:49,02:08:45,02:48:17,03:46:26,04:08:25
Details/Certificate,170th=,471,Laurence Tendler,U/A Bollington,,,,,,,,,,,,,
Details/Certificate,170th=,362,Paul Milsom,Paul Milnes Cycles / Bradford Olympic RC,MV40,04:08:27,Second, , ,24, ,01:03:23,01:21:17,02:19:39,02:43:01,03:47:22,04:08:27
Details/Certificate,172nd,361,Mark Albone,Paceline Cycles North,MV40,04:09:03,Second, , ,2, ,01:02:40,01:20:51,02:19:32,02:43:21,03:46:35,04:09:03
Details/Certificate,173rd,322,Paul Wilson,Huddersfield Star Wheelers,MV40,04:09:41,Second,G,N,0,P/S Paul & Aaron Wilson,01:03:34,01:21:54,02:18:56,02:43:21,03:46:32,04:09:41
Details/Certificate,174th,497,Paul HeskethFacebookStrava,Clayton-le-Moors Harriers,MV50,04:10:05,Second, , ,4, ,01:02:04,01:19:28,02:18:19,02:42:22,03:45:44,04:10:05
Details/Certificate,175th,106,Jonny CrostonTwitter,Calder Clarion,M,04:10:38,Second, , ,4, ,01:00:43,01:18:34,02:17:25,02:40:57,03:48:38,04:10:38
Details/Certificate,176th,594,Colin Shearer,Velo Club Moulin,MV50,04:10:44,Second, , ,7, ,01:04:04,01:21:18,02:21:24,02:43:55,03:48:24,04:10:44
Details/Certificate,177th,338,Phil Winskill,Keswick AC,MV40,04:10:45,Second, , ,4, ,00:59:39,01:18:07,02:16:09,02:42:46,03:45:12,04:10:45
Details/Certificate,178th,451,Graeme HodgsonTwitterStrava,U/A Cleator,,,,,,,,,,,,,
Details/Certificate,179th,328,Matthew CoxInstagram,Ilkley CC,MV40,04:11:00,Second, , ,1, ,01:01:45,01:20:50,02:20:34,02:45:30,03:47:06,04:11:00
Details/Certificate,180th,171,James Evans,Pedalon,M,04:12:08,Second, ,N,0, ,01:03:00,01:20:01,02:17:07,02:48:45,03:49:59,04:12:08
Details/Certificate,181st,469,Stuart Storey,U/A Richmond-upon-Thames,MV40,04:12:23,Second, ,N,0, ,00:57:19,01:16:05,02:14:29,02:40:42,03:47:27,04:12:23
Details/Certificate,182nd,177,Robin GoddenFacebookTwitterInstagramStrava,Rapha Cycling Club,M,04:13:19,Second, ,N,0, ,01:02:22,01:20:27,02:19:02,02:46:10,03:48:34,04:13:19
Details/Certificate,183rd,645,Peter HarrisTwitterStrava,U/A Derbyshire,MV60,04:13:29,Second, ,N,0, ,00:59:27,01:17:24,02:18:40,02:45:13,03:50:06,04:13:29
Details/Certificate,184th,370,Davey Johnston,PH-Mas Paul Milnes Oldfield ERT,MV40,04:13:33,Second, , ,4, ,01:02:48,01:20:46,02:19:19,02:44:05,03:48:58,04:13:33
Details/Certificate,185th,278,Tim Russon,Common Lane Occasionals,MV40,04:13:35,Second, , ,1, ,01:02:44,01:21:40,02:19:46,02:43:54,03:47:47,04:13:35
Details/Certificate,186th,514,Bob Johnson,Gala Cycling Club,MV50,04:14:18,Second, , ,21, ,01:03:46,01:21:51,02:21:29,02:46:05,03:49:42,04:14:18
Details/Certificate,187th,245,Tony Stubbs,AlbaRosa CC,MV40,04:14:21,Second, , ,1, ,01:02:12,01:20:19,02:20:28,02:45:50,03:50:43,04:14:21
Details/Certificate,188th,194,Matthew BurtonTwitterInstagram,Stockton Wheelers,M,04:14:34,Second, , ,1, ,01:03:44,01:23:12,02:20:27,02:48:35,03:50:22,04:14:34
Details/Certificate,189th,28,Verity AppleyardTwitter,Brothertons Cycles,FV40,04:14:50,Second, , ,5, ,01:06:47,01:25:14,02:26:07,02:49:56,03:50:52,04:14:50
Details/Certificate,190th,12,Helen Jackson,Kendal CC,F,04:14:51,Second, , ,2, ,01:00:02,01:24:59,02:20:23,02:54:19,03:51:20,04:14:51
Details/Certificate,191st,274,Jough Watson,Charge Bikes,MV40,04:15:15,Second, , ,13, ,01:12:13,01:30:31,02:27:02,02:51:19,03:53:01,04:15:15
Details/Certificate,192nd,607,Adrian Brown,U/A Merthyr Tydfil,MV50,04:15:20,Second, ,N,0, ,00:59:24,01:19:51,02:16:45,02:45:23,03:48:09,04:15:20
Details/Certificate,193rd,355,James Higgins,Moray Firth Cycling Club,MV40,04:15:28,Second, ,N,0, ,00:59:28,01:16:41,02:11:01,02:46:16,03:44:18,04:15:28
Details/Certificate,194th,381,Kevin Duffell,SCOTT-UK,MV40,04:15:54,Second, , ,1, ,01:04:56,01:22:16,02:21:47,02:46:55,03:52:13,04:15:54
Details/Certificate,195th,482,Jon Bardgett,Beacon Wheelers,MV50,04:15:56,Second, , ,8, ,01:02:35,01:20:59,02:19:14,02:43:55,03:50:19,04:15:56
Details/Certificate,196th,435,Ian Blackburn,zepnat.com,MV40,04:16:21,Second, , ,2, ,01:00:23,01:20:47,02:19:31,02:44:29,03:52:28,04:16:21
Details/Certificate,197th,223,Toby CushionTwitterStrava,U/A Cockermouth,M,04:17:14,Second, , ,3, ,01:02:23,01:24:39,02:22:36,02:50:55,03:51:26,04:17:14
Details/Certificate,198th,310,Simon PatemanTwitter,Here Come The Belgians,MV40,04:17:40,Second, , ,6, ,01:01:48,01:20:31,02:21:17,02:49:32,03:53:23,04:17:40
Details/Certificate,199th,221,Dave Clark,U/A Sandbach,M,04:17:55,Second, , ,2, ,01:03:54,01:21:56,02:24:49,02:49:40,03:54:39,04:17:55
Details/Certificate,200th,76,Harry Brook-Dobson,University of Bath CC,MU23,04:18:09,Second, ,N,0, ,00:55:42,01:13:15,02:08:51,02:33:28,03:41:04,04:18:09
Details/Certificate,201st,345,Euan Adamson,Lincoln Wheelers,MV40,04:18:19,Second, ,N,0, ,01:06:16,01:24:34,02:21:38,02:46:20,03:52:01,04:18:19
Details/Certificate,202nd,192,Jim Cameron,SR Albannach,M,04:18:20,Second, ,N,0, ,01:00:08,01:19:32,02:17:31,02:45:01,03:50:15,04:18:20
Details/Certificate,203rd,83,Ian FurlongFacebook,AlbaRosa CC,M,04:18:33,Second, ,N,0, ,01:01:55,01:21:22,02:20:26,02:48:58,03:52:55,04:18:33
Details/Certificate,204th=,333,Barry MordueFacebook,In-Gear Coaching,MV40,04:18:37,Second, , ,3, ,01:02:47,01:22:41,02:22:02,02:48:56,03:51:06,04:18:37
Details/Certificate,204th=,101,Clément Stawicki,Bombtrack Bicycle / Malteni Beer,,,,,,,,,,,,,
Details/Certificate,206th,137,Patrick Hanna,Howgill Harriers,M,04:18:38,Second, , ,1, ,01:01:36,01:19:32,02:18:55,02:44:53,03:52:59,04:18:38
Details/Certificate,207th,344,Nick Walling,Leicester Forest CC,MV40,04:18:54,Second, , ,3, ,01:03:53,01:19:56,02:22:58,02:47:01,03:54:36,04:18:54
Details/Certificate,208th,518,Andrew Holgate,Harrogate Nova,MV50,04:19:09,Second, , ,3, ,01:02:52,01:21:13,02:21:03,02:47:06,03:54:03,04:19:09
Details/Certificate,209th,75,Jake Darragh,Travers Bikes / Nextie Rims,MU23,04:19:11,Second, ,N,0, ,01:06:33,01:27:30,02:28:27,02:55:27,03:54:05,04:19:11
Details/Certificate,210th,420,Andy Unsworth,votwo.co.uk,MV40,04:19:18,Second, , ,1, ,01:06:51,01:26:34,02:26:01,02:51:39,03:54:43,04:19:18
Details/Certificate,211th,237,Oliver Roberts,U/A Clapham,M,04:19:22,Second, ,N,0, ,01:05:27,01:22:32,02:22:37,02:47:26,03:54:47,04:19:22
Details/Certificate,212th,219,Sam Allsopp,U/A Settle,M,04:19:32,Second, ,N,0, ,01:08:40,01:26:50,02:26:48,02:51:24,03:56:14,04:19:32
Details/Certificate,213th,445,Martin Doddimeade,U/A Stroud,MV40,04:19:37,Second, , ,2, ,01:04:45,01:22:03,02:21:58,02:49:21,03:57:01,04:19:37
Details/Certificate,214th=,418,Mark Preston,Velo Club Lincoln,MV40,04:19:52,Second, , ,10, ,01:05:59,01:24:26,02:23:30,02:49:37,03:54:04,04:19:52
Details/Certificate,214th=,503,Kerry Graham,Cycle-Tec,MV50,04:19:52,Second, ,N,0, ,01:07:36,01:25:45,02:24:57,02:49:47,03:55:34,04:19:52
Details/Certificate,216th,262,Jason Hurt,Brother NRG Driverplan,MV40,04:19:54,Second, ,N,0, ,01:06:46,01:25:35,02:24:48,02:49:59,03:52:20,04:19:54
Details/Certificate,217th,584,John Johnson,Stratford CC / Johnsons Coaches,MV50,04:19:57,Second,G, ,20,P/S John & Richard Johnson,01:04:24,01:24:54,02:25:08,02:53:21,03:55:08,04:19:57
Details/Certificate,218th,433,Tony Mills,York Cycleworks,MV40,04:20:28,Second, , ,8, ,00:58:44,01:16:13,02:17:17,02:56:27,03:55:24,04:20:28
Details/Certificate,219th,622,Steve Robinson,U/A Danby Wiske,,,,,,,,,,,,,
Details/Certificate,220th,360,Steve Renshaw,Otley CC,MV40,04:21:24,Second, , ,1, ,01:06:31,01:21:58,02:26:16,02:49:43,03:59:15,04:21:24
Details/Certificate,221st,428,Peter Fielding-Smith,Wilsons wheels rt,MV40,04:21:35,Second, , ,8, ,01:01:09,01:20:55,02:18:47,02:51:59,03:55:00,04:21:35
Details/Certificate,222nd,583,Chris Dobson,Stockton Wheelers,MV50,04:21:44,Second, , ,4, ,01:04:24,01:24:03,02:23:38,02:49:55,03:55:21,04:21:44
Details/Certificate,223rd,161,Joseph Moore,Millom Velo Club,M,04:21:49,Second,G,N,0,P/S Alan & Joseph Moore,01:06:24,01:23:42,02:29:22,02:54:08,03:58:53,04:21:49
Details/Certificate,224th,87,Guy Nevison,Army Cycling Union,M,04:21:51,Second, ,N,0, ,01:07:21,01:26:06,02:26:16,02:49:49,03:58:54,04:21:51
Details/Certificate,225th,323,George Roberts,Icarus Racing,MV40,04:22:02,Second, ,N,0, ,01:04:12,01:23:02,02:21:37,02:47:45,03:55:08,04:22:02
Details/Certificate,226th,476,Philip Wilson,U/A Menston,,,,,,,,,,,,,
Details/Certificate,227th,173,John Rollason,Plymouth Corinthians,M,04:22:22,Second, ,N,0, ,00:57:38,01:14:59,02:07:53,02:56:19,03:49:37,04:22:22
Details/Certificate,228th,158,Florent CarrièreFacebookTwitterInstagramStrava,Malteni,,,,,,,,,,,,,
Details/Certificate,229th,437,Fraser Malloch,zepnat.com,MV40,04:22:35,Second, , ,2, ,01:06:44,01:24:31,02:25:29,02:49:21,03:58:42,04:22:35
Details/Certificate,230th,3,Hannah Saville,Cyclocrossrider.com,FU23,04:22:36,Second,G, ,3,P/D Kev & Hannah Saville,01:08:12,01:26:33,02:29:23,02:54:11,03:59:40,04:22:36
Details/Certificate,231st,335,Richard Naylar,Keep Pedalling Bike Shop,MV40,04:22:39,Second, , ,4, ,01:05:08,01:24:51,02:25:23,02:51:24,03:56:34,04:22:39
Details/Certificate,232nd,599,Andrew SlatteryFacebookTwitterStravaPower Of Ten,Wheelbase Altura MGD,MV50,04:22:57,Second, , ,2, ,01:06:21,01:24:53,02:25:33,02:51:31,03:56:37,04:22:57
Details/Certificate,233rd,73,Hamish Carrick,TBW Bottecchia Wogmore RT,MU23,04:23:20,Second, ,N,0, ,00:59:17,01:20:42,02:16:51,02:56:10,03:55:41,04:23:20
Details/Certificate,234th,244,Owen Davies,Abergavenny RC,MV40,04:23:21,Second, , ,4, ,01:02:30,01:21:01,02:21:04,02:49:59,03:58:28,04:23:21
Details/Certificate,235th,89,Charles Vincent,Ascendancy Water,M,04:23:44,Second, , ,4, ,01:01:34,01:19:25,02:21:12,02:48:53,03:58:18,04:23:44
Details/Certificate,236th,462,Rob O'Neill,U/A Arnside,MV40,04:24:32,Second, ,N,0, ,01:05:16,01:26:44,02:27:49,02:55:21,04:01:34,04:24:32
Details/Certificate,237th,587,Andrew BurgessFacebookTwitterInstagramStrava,Team JMC,MV50,04:24:45,Second, , ,6, ,01:08:42,01:28:01,02:29:53,02:55:21,04:00:34,04:24:45
Details/Certificate,238th,143,Mark Richmond,Ilkley Cycles,M,04:25:11,Second, , ,6, ,00:59:37,01:17:20,02:22:31,02:48:45,03:58:46,04:25:11
Details/Certificate,239th,560,Eamon Mcconvey,Newry CC,MV50,04:25:13,Second, , ,5, ,01:03:56,01:23:03,02:24:01,02:50:55,03:58:02,04:25:13
Details/Certificate,240th,353,Antony HallTwitterInstagram,MlCCC,MV40,04:25:16,Second, , ,1, ,01:10:41,01:30:27,02:31:12,02:57:46,04:01:04,04:25:16
Details/Certificate,241st,347,Matt Yardley,Macclesfield Wheelers,MV40,04:25:25,Second, , ,2, ,01:07:52,01:27:02,02:29:40,02:54:30,04:01:19,04:25:25
Details/Certificate,242nd,519,Charles Warren,Harrogate Nova,MV50,04:25:27,Second, , ,8, ,01:03:19,01:21:59,02:22:48,02:51:54,03:57:57,04:25:27
Details/Certificate,243rd,129,Steve James,Hope Factory Racing,M,04:25:32,Second, ,N,0, ,01:06:24,01:32:21,02:34:34,03:00:44,04:00:56,04:25:32
Details/Certificate,244th,453,Adam Jackson,U/A Wigton Cumbria,MV40,04:25:41,Second, , ,6, ,01:08:23,01:28:11,02:29:47,02:55:18,04:00:38,04:25:41
Details/Certificate,245th,351,Mark Hayman,Martica Bike Team,,,,,,,,,,,,,
Details/Certificate,246th,288,William Speake,Derby Mercury,MV40,04:25:50,Second, , ,2, ,01:06:53,01:26:28,02:26:21,02:53:36,03:58:10,04:25:50
Details/Certificate,247th,464,Derek Queenan,U/A Cleveland,MV40,04:26:08,Second, ,N,0, ,01:12:21,01:32:51,02:33:40,02:59:51,04:03:11,04:26:08
Details/Certificate,248th,483,Richard HodgesStrava,Beara Cycling Club Ireland,MV50,04:26:10,Second, ,N,0, ,01:08:02,01:28:42,02:28:46,02:56:42,04:00:12,04:26:10
Details/Certificate,249th,488,Jim Davies,Borrowdale fellrunners,MV50,04:26:38,Second, ,N,0, ,00:53:54,01:27:23,02:22:20,02:49:34,03:49:14,04:26:38
Details/Certificate,250th,140,Tom Asher,Ilkley CC,M,04:26:41,Second, ,N,0, ,01:03:40,01:25:51,02:24:53,02:54:12,03:58:13,04:26:41
Details/Certificate,251st,528,Desmond ThorpeFacebookTwitterStrava,High Peak Cycles,MV50,04:26:44,Second, , ,13, ,01:06:19,01:25:44,02:25:56,02:52:51,03:53:09,04:26:44
Details/Certificate,252nd,589,Keith Binns,TN715,MV50,04:26:45,Second, , ,3, ,01:03:09,01:24:17,02:23:14,02:51:27,03:59:23,04:26:45
Details/Certificate,253rd,242,Jon Waller,U/A Oughtibridge,M,04:26:49,Second, ,N,0, ,01:04:50,01:24:18,02:26:22,02:53:48,04:00:44,04:26:49
Details/Certificate,254th,394,Kevin Stronach,Stowmarket District CC,MV40,04:27:06,Second, ,N,0, ,01:03:41,01:23:53,02:21:51,02:51:34,03:58:07,04:27:06
Details/Certificate,255th,179,Samuel Pantling,Ride4MB Morvelo Test Team,M,04:27:27,Second, , ,3, ,01:05:21,01:22:03,02:24:40,02:59:04,04:04:51,04:27:27
Details/Certificate,256th,352,Stephen Handley,Mid Shropshire Wheelers,MV40,04:27:28,Second, ,N,0, ,01:02:13,01:21:01,02:16:41,02:58:57,04:00:52,04:27:28
Details/Certificate,257th=,354,Rob Mawer,Moonglu CC,MV40,04:27:31,Second, ,N,0, ,01:04:38,01:24:32,02:25:22,02:52:13,03:59:36,04:27:31
Details/Certificate,257th=,165,Niall Tobin,Norton Wheelers,M,04:27:31,Second, ,N,0, ,01:07:03,01:27:50,02:26:17,02:54:26,04:00:46,04:27:31
Details/Certificate,259th,316,Dan HemingwayTwitterInstagram,Hope Factory Racing,MV40,04:27:35,Second, ,N,0, ,01:06:01,01:22:10,02:24:26,02:46:57,03:51:48,04:27:35
Details/Certificate,260th,126,Robin Powell,Here Come The Belgians,M,04:27:37,Second, , ,1, ,01:06:10,01:25:17,02:26:36,02:53:31,04:02:46,04:27:37
Details/Certificate,261st,402,Marcus Nainby,Team WNT,MV40,04:27:50,Second, , ,2, ,01:09:09,01:27:32,02:31:05,02:55:14,04:05:03,04:27:50
Details/Certificate,262nd,512,Paul Jenkinson,Eryri harriers,MV50,04:27:56,Second, , ,2, ,01:07:27,01:28:55,02:29:17,02:56:14,04:01:48,04:27:56
Details/Certificate,263rd,392,James PowleslandStrava,South Shields Velo,MV40,04:27:57,Second, , ,3, ,01:06:36,01:24:33,02:27:39,02:52:02,04:03:29,04:27:57
Details/Certificate,264th,131,Ashton Payne,Hope Factory Racing,M,04:28:06,Second, , ,5, ,01:05:03,01:30:03,02:31:39,02:55:33,04:04:48,04:28:06
Details/Certificate,265th,319,Peter Dukes,Huddersfield Star Wheelers,MV40,04:28:12,Second, , ,3, ,01:07:25,01:26:37,02:26:14,02:54:17,04:02:56,04:28:12
Details/Certificate,266th,103,Darren Otoole,Bray Wheelers,,,,,,,,,,,,,
Details/Certificate,267th,526,Todd Stewart,Here Come The Belgians,MV50,04:28:32,Second, , ,4, ,01:11:54,01:31:06,02:34:16,03:00:46,04:04:22,04:28:32
Details/Certificate,268th,176,Ben ClareFacebookTwitterStrava,Queensbury Running Club,M,04:29:14,Second, , ,2, ,01:04:35,01:22:44,02:26:29,02:54:05,04:03:35,04:29:14
Details/Certificate,269th,564,Michael Hopkinson,Otley CC,MV50,04:29:16,Second, ,N,0, ,01:02:51,01:20:54,02:17:51,02:41:57,03:46:49,04:29:16
Details/Certificate,270th,635,Clifford Featherstone,MTS,MV60,04:29:25,Second, , ,13, ,01:11:04,01:30:37,02:35:13,03:00:40,04:06:01,04:29:25
Details/Certificate,271st,411,Paul Jackson,TNFC,MV40,04:29:45,Second, ,N,0, ,01:03:49,01:19:37,02:23:58,02:51:39,04:03:33,04:29:45
Details/Certificate,272nd,432,Mark Mckie,York Cycleworks,MV40,04:29:53,Second, , ,4, ,01:09:36,01:30:44,02:32:44,03:00:32,04:04:30,04:29:53
Details/Certificate,273rd,339,Stuart TaylorFacebookTwitterInstagramStrava,Kirkby Lonsdale World Racing,MV40,04:29:54,Second, ,N,0, ,01:06:28,01:24:21,02:30:04,02:54:42,04:06:50,04:29:54
Details/Certificate,274th,45,Karen Poole,Sportstest RT,FV40,04:30:14,Second, , ,1, ,01:04:55,01:24:03,02:27:14,02:55:32,04:05:50,04:30:14
Details/Certificate,275th,440,Richard Barnes,U/A Sarrancolin,,,,,,,,,,,,,
Details/Certificate,276th,233,Paul Matthews,U/A Stockton-on-Tees,M,04:30:18,Second, ,N,0, ,01:05:04,01:24:27,02:25:16,02:57:56,04:05:01,04:30:18
Details/Certificate,277th,306,Dave Ward,Hayfield Hub,MV40,04:30:46,Second, , ,3, ,01:06:14,01:25:13,02:28:24,02:54:39,04:04:37,04:30:46
Details/Certificate,278th,426,Christopher Riley,Will's Wheels CC,MV40,04:31:50,Second, , ,13, ,01:11:53,01:34:38,02:35:28,03:02:50,04:06:39,04:31:50
Details/Certificate,279th,133,Sam Sharp,Hope Factory Racing,M,04:32:05,Second, , ,1, ,01:01:55,01:16:34,02:23:37,02:48:40,04:05:32,04:32:05
Details/Certificate,280th,38,Ruth Gamwell,Macclesfield Wheelers,FV40,04:32:07,Second, , ,18, ,01:10:23,01:31:16,02:33:55,03:01:51,04:07:25,04:32:07
Details/Certificate,281st,289,Mark Winks,Didcot Phoenix,MV40,04:32:28,Second, ,N,0, ,01:06:42,01:27:36,02:29:04,02:59:04,04:04:07,04:32:28
Details/Certificate,282nd,290,Adam PridmoreFacebookTwitterStrava,EBCC,MV40,04:32:33,Second, , ,3, ,01:08:16,01:28:57,02:31:38,03:00:26,04:06:58,04:32:33
Details/Certificate,283rd,277,Richard Roberts,Clwb Beicio'r Bala,MV40,04:32:34,Second, , ,3, ,01:07:37,01:26:38,02:30:48,02:57:30,04:09:10,04:32:34
Details/Certificate,284th,63,Tobias Edwards,Huddersfield Star Wheelers,MU18,04:32:37,Second,G,N,0,P/S Richard & Tobias Edwards,01:07:10,01:28:13,02:30:32,03:00:29,04:07:11,04:32:37
Details/Certificate,285th,614,Jonathan Lee,U/A Newcastle,MV50,04:32:51,Second, , ,5, ,01:06:27,01:26:28,02:25:59,02:54:31,04:05:37,04:32:51
Details/Certificate,286th,100,Mathieu Davy,Black Line London,M,04:33:12,Second, ,N,0, ,01:09:49,01:34:51,02:30:16,03:04:29,04:05:54,04:33:12
Details/Certificate,287th,33,Hannah (Nina) Benson,Ilkley CC,FV40,04:33:25,Second, , ,1, ,01:08:36,01:31:46,02:32:51,03:02:27,04:07:32,04:33:25
Details/Certificate,288th,123,Karl MasonFacebookTwitterStrava,Giant Kendal,M,04:33:39,Second, , ,3, ,01:06:26,01:23:17,02:29:30,02:54:05,04:09:09,04:33:39
Details/Certificate,289th,272,Simon NurseTwitter,Cardiff JIF/Cyclopaedia,MV40,04:33:50,Second, , ,10, ,01:08:57,01:28:02,02:31:55,03:00:02,04:09:19,04:33:50
Details/Certificate,290th,300,Nicholas Pullen,Gravelface,MV40,04:33:59,Second, , ,8, ,01:08:23,01:28:31,02:32:34,03:00:41,04:08:54,04:33:59
Details/Certificate,291st,19,Adeline MoreauTwitterInstagramStrava,The 5th floor,F,04:34:21,Second, , ,1, ,01:08:14,01:30:30,02:30:52,02:59:59,04:06:04,04:34:21
Details/Certificate,292nd,421,Dean BarnettFacebookTwitter,Welland Valley CC,MV40,04:34:55,Second, , ,15, ,01:11:40,01:28:50,02:37:38,03:00:54,04:13:21,04:34:55
Details/Certificate,293rd,501,Tim Duckett,Cycle Club Ashwell,MV50,04:34:58,Second, , ,1, ,01:09:13,01:30:32,02:33:07,03:01:31,04:08:20,04:34:58
Details/Certificate,294th,7,Clare Dallimore,Cardiff AJAX,F,04:34:59,Second, , ,1, ,01:09:35,01:30:56,02:36:26,03:04:35,04:09:54,04:34:59
Details/Certificate,295th,596,Stuart Minnikin,W.Yorks Fire & Rescue Service,MV50,04:35:25,Second, , ,1, ,01:09:40,01:30:06,02:38:12,03:03:55,04:11:01,04:35:25
Details/Certificate,296th,287,Ben Patton,Deeside Thistle CC,MV40,04:35:34,Second, , ,5, ,01:05:22,01:25:08,02:30:18,02:58:33,04:09:00,04:35:34
Details/Certificate,297th,88,Fran Rizzuti,Army Cycling Union,M,04:35:55,Second, ,N,0, ,01:05:07,01:26:39,02:25:50,02:54:22,04:00:06,04:35:55
Details/Certificate,298th,247,Ian Drake,Ashfield RC,MV40,04:36:03,Second, , ,12, ,01:10:45,01:31:59,02:35:59,03:04:44,04:11:43,04:36:03
Details/Certificate,299th,537,Julian Holroyd,Huddersfield Star Wheelers,MV50,04:36:51,Second, , ,1, ,01:11:01,01:32:50,02:36:01,03:04:04,04:11:32,04:36:51
Details/Certificate,300th,230,James HollowayInstagramStrava,U/A Market Deeping,,,,,,,,,,,,,
Details/Certificate,301st,566,Ian Cullen,Otley CC / Chevin Cycles,MV50,04:37:41,Second, , ,24, ,01:07:20,01:28:11,02:31:55,03:01:56,04:11:24,04:37:41
Details/Certificate,302nd,568,Tim Howcroft,Otley CC / Chevin Cycles,MV50,04:37:43,Second, , ,6, ,01:09:32,01:31:44,02:35:19,03:04:24,04:11:31,04:37:43
Details/Certificate,303rd,108,Joseph Halloran,Cambridge Cycling Club,M,04:38:36,Second, ,N,0, ,01:15:08,01:35:27,02:38:41,03:06:08,04:14:30,04:38:36
Details/Certificate,304th,570,Rob Muirhead,Overoptimists,MV50,04:39:26,Second, , ,3, ,01:08:46,01:27:07,02:32:29,02:58:01,04:11:12,04:39:26
Details/Certificate,305th,307,Anthony EmmetFacebookTwitter,Helm Hill Runners,MV40,04:39:58,Second, ,N,0, ,01:13:00,01:33:08,02:35:59,03:02:23,04:13:00,04:39:58
Details/Certificate,306th,132,Matt Rushton,Hope Factory Racing,M,04:40:05,Second, , ,1, ,01:09:15,01:24:59,02:32:33,02:55:39,04:14:10,04:40:05
Details/Certificate,307th,324,Jason Bishop,Ilkley CC,MV40,04:40:10,Second, ,N,0, ,01:08:19,01:29:06,02:35:38,03:04:16,04:13:05,04:40:10
Details/Certificate,308th,417,Clayton Maltby,Velo Club Lincoln,MV40,04:40:27,Second, , ,8, ,01:15:09,01:34:51,02:39:03,03:05:59,04:16:53,04:40:27
Details/Certificate,309th,442,Stuart Clark,U/A Basildon,MV40,04:40:30,Second, , ,3, ,01:10:18,01:32:53,02:36:57,03:08:45,04:14:39,04:40:30
Details/Certificate,310th,286,Jens Dr. Freiberg,Das Dreckige Dutzend Germany,MV40,04:40:31,Second, ,N,0, ,01:07:48,01:31:55,02:33:56,03:06:25,04:12:23,04:40:31
Details/Certificate,311th,51,Anne Duffy,Cuchulainn CC,FV50,04:40:55,Second, , ,1, ,01:13:53,01:34:55,02:40:32,03:10:02,04:15:41,04:40:55
Details/Certificate,312th,449,Kevin Harley-Roberts,U/A Leeds,MV40,04:40:59,Second, ,N,0, ,01:11:18,01:32:24,02:36:42,03:03:51,04:13:03,04:40:59
Details/Certificate,313th,608,Ian Cooke,U/A Pontefract,MV50,04:41:00,Second, , ,1, ,01:07:29,01:28:23,02:31:59,03:01:19,04:11:47,04:41:00
Details/Certificate,314th,582,Sean McKibben,Skipton Cycling Club,MV50,04:41:21,Second, , ,8, ,01:12:43,01:34:05,02:38:28,03:07:38,04:15:12,04:41:21
Details/Certificate,315th,454,Gareth JefferiesStrava,U/A St Jean d'Aulps,,,,,,,,,,,,,
Details/Certificate,316th,492,Kevin Hickie,Bronte Wheelers,MV50,04:41:37,Second, , ,7, ,01:14:02,01:36:55,02:41:45,03:09:38,04:17:01,04:41:37
Details/Certificate,317th,46,Christine Fischer,Stirling Bike Club,FV40,04:41:38,Second, , ,1, ,01:13:29,01:36:27,02:41:19,03:10:37,04:16:41,04:41:38
Details/Certificate,318th,525,Carl NelsonStrava,Here Come The Belgians,MV50,04:41:43,Second, , ,12, ,01:07:22,01:27:18,02:33:02,03:00:16,04:15:16,04:41:43
Details/Certificate,319th,508,Alistair Dow,Edinburgh RC,MV50,04:41:46,Second, , ,8, ,01:10:04,01:32:39,02:38:06,03:08:48,04:15:30,04:41:46
Details/Certificate,320th,341,Simon Askham,Leicester Forest CC,MV40,04:42:03,Second, ,N,0, ,01:10:41,01:32:17,02:36:56,03:08:00,04:14:13,04:42:03
Details/Certificate,321st,183,Daniel Ginesi,Saddle Skedaddle,M,04:42:09,Second, , ,2, ,01:09:18,01:28:03,02:36:27,03:02:20,04:19:33,04:42:09
Details/Certificate,322nd,326,Jonathan Carpenter,Ilkley CC,MV40,04:42:13,Second, ,N,0, ,01:09:11,01:29:50,02:35:23,03:04:13,04:15:35,04:42:13
Details/Certificate,323rd,163,Timothy Brown,North Tyneside Riders,M,04:42:23,Second, ,N,0, ,01:06:58,01:31:06,02:30:46,03:03:52,04:10:51,04:42:23
Details/Certificate,324th,144,Tim Spooner,Ilkley Cycles,M,04:42:25,Second, , ,1, ,01:11:25,01:28:32,02:36:42,03:01:11,04:20:19,04:42:25
Details/Certificate,325th,545,John Wilkinson,Ilkley CC,MV50,04:42:27,Second, , ,2, ,01:07:17,01:30:10,02:33:24,03:03:41,04:14:01,04:42:27
Details/Certificate,326th,470,Ben Swain,U/A Lincoln,MV40,04:42:31,Second, ,N,0, ,01:11:22,01:34:00,02:37:38,03:08:30,04:15:35,04:42:31
Details/Certificate,327th,559,Alan Moore,Millom Velo Club,MV50,04:42:37,Second,G, ,5,P/S Alan & Joseph Moore,01:05:57,01:24:06,02:35:15,03:02:26,04:19:19,04:42:37
Details/Certificate,328th,456,Simon Keating,U/A London,MV40,04:42:49,Second, ,N,0, ,01:12:53,01:35:06,02:37:46,03:07:55,04:16:46,04:42:49
Details/Certificate,329th,104,Kaj Scarsbrook,C & N Cycles,M,04:43:00,Second, , ,2, ,01:04:43,01:24:45,02:26:51,02:56:53,04:10:48,04:43:00
Details/Certificate,330th,80,Ryan Middlemiss,U/A Ilkley,MU23,04:43:14,Second,G,N,0,P/S Peter & Ryan Middlemiss,01:14:11,01:40:23,02:43:17,03:11:04,04:17:05,04:43:14
Details/Certificate,331st,556,Daniel McQueenStrava,London Phoenix CC,MV50,04:43:42,Second, , ,1, ,01:01:51,01:24:11,02:26:11,02:59:01,04:07:46,04:43:42
Details/Certificate,332nd,597,Jon Howard,Wakefield Triathlon Club,MV50,04:43:45,Second, , ,6, ,01:10:20,01:31:54,02:36:25,03:07:03,04:16:53,04:43:45
Details/Certificate,333rd,579,Richard Timms,Settle Wheelers,MV50,04:43:55,Second, ,N,0, ,01:07:13,01:25:33,02:32:53,03:08:56,04:20:14,04:43:55
Details/Certificate,334th,332,Andrew Whiteside,Ilkley CC,MV40,04:43:59,Second, , ,2, ,01:08:26,01:30:54,02:36:03,03:06:17,04:17:55,04:43:59
Details/Certificate,335th,325,Timothy Bull,Ilkley CC,MV40,04:44:20,Second, ,N,0, ,01:07:54,01:27:12,02:35:08,03:05:56,04:17:47,04:44:20
Details/Certificate,336th,468,Paul Stockwell,U/A Wakefield,MV40,04:44:31,Second, , ,7, ,01:12:56,01:33:47,02:40:13,03:09:53,04:18:08,04:44:31
Details/Certificate,337th,293,Ian Dunn,Ferryhill Wheelers,MV40,04:44:32,Second, , ,12, ,01:14:12,01:36:15,02:40:24,03:09:39,04:16:41,04:44:32
Details/Certificate,338th,29,Molly Horsley Frost,Vision Racing,FV40,04:44:33,Second, , ,6, ,01:08:54,01:30:36,02:36:41,03:07:53,04:16:19,04:44:33
Details/Certificate,339th,263,Mark Horsley Frost,Buxton CC,MV40,04:44:34,Second, , ,4, ,01:08:50,01:32:15,02:36:30,03:13:09,04:15:46,04:44:34
Details/Certificate,340th,424,Mike Scott,Wharfedale Wheelers,MV40,04:44:35,Second, , ,3, ,01:06:35,01:28:27,02:32:23,03:02:31,04:14:25,04:44:35
Details/Certificate,341st,498,Paul Thornton,Cleveland Wheelers,MV50,04:44:36,Second, ,N,0, ,01:13:00,01:33:23,02:38:17,03:06:40,04:17:41,04:44:36
Details/Certificate,342nd,209,Richard DearingFacebookInstagramStravaPower Of Ten,Velo Club Beverley,M,04:45:27,Second, , ,1, ,01:10:59,01:30:13,02:33:39,03:02:03,04:17:23,04:45:27
Details/Certificate,343rd,644,Richard Sewell,York Cycleworks,MV60,04:45:29,Second,G, ,8,P/S Richard & Callum Sewell,01:11:22,01:34:35,02:39:19,03:10:56,04:18:55,04:45:29
Details/Certificate,344th,400,Steve GelderFacebookStrava,Team Swift,MV40,04:45:42,Second, , ,2, ,01:13:03,01:32:53,02:41:54,03:10:22,04:19:19,04:45:42
Details/Certificate,345th,592,Rich CutsforthFacebookTwitterStrava,Velo Club Beverley,MV50,04:46:01,Second, , ,2, ,01:05:34,01:33:18,02:37:51,03:03:46,04:15:10,04:46:01
Details/Certificate,346th,632,Terence O'Neill,Epic MTB,,,,,,,,,,,,,
Details/Certificate,347th,52,Sarah Barnwell,Dyffryn Conwy MTB,FV50,04:46:21,Second, , ,3, ,01:11:10,01:32:17,02:38:10,03:07:13,04:19:06,04:46:21
Details/Certificate,348th,111,Dean Penfold,Cestria Cycles RT,M,04:46:54,Second, , ,1, ,00:58:18,01:15:39,02:17:36,02:56:08,04:05:07,04:46:54
Details/Certificate,349th,311,Russell Gordon,Holmfirth Cycling Club,MV40,04:47:30,Second, ,N,0, ,01:13:11,01:34:59,02:39:39,03:08:29,04:18:44,04:47:30
Details/Certificate,350th,281,Les Barker,Cyclewise Academy,MV40,04:47:34,Second, , ,3, ,01:11:44,01:31:11,02:39:49,03:08:06,04:21:00,04:47:34
Details/Certificate,351st,585,Peter Basler,Süpercycling Baden,,,,,,,,,,,,,
Details/Certificate,352nd,517,Timothy Evans,Harrogate Nova,MV50,04:47:46,Second,G, ,10,P/S Timothy Evans & Edwyn Oliver-Evans,01:11:38,01:33:08,02:37:18,03:10:19,04:17:58,04:47:46
Details/Certificate,353rd,9,Beth HodgeTwitterInstagram,Dulwich Paragon CC,F,04:48:12,Second, , ,1, ,01:14:39,01:35:02,02:41:30,03:10:23,04:21:13,04:48:12
Details/Certificate,354th,423,Steven Welch,Welland Valley CC,MV40,04:48:48,Second, ,N,0, ,01:11:51,01:33:02,02:40:12,03:10:13,04:19:06,04:48:48
Details/Certificate,355th,507,Robert Bloor,Edinburgh RC,MV50,04:48:50,Second, ,N,0, ,01:01:39,01:20:59,02:25:57,02:57:54,03:57:06,04:48:50
Details/Certificate,356th,253,Jonathan Whiteside,Ben Wyvis Cycle Club,MV40,04:48:52,Second, , ,1, ,01:08:30,01:31:44,02:36:08,03:09:03,04:17:56,04:48:52
Details/Certificate,357th,122,Keelan Serjeant,Hafren Cycling Club,M,04:48:54,Second, ,N,0, ,01:12:16,01:34:34,02:41:37,03:10:56,04:19:54,04:48:54
Details/Certificate,358th,543,Neil Rollins,Ilkley CC,MV50,04:48:58,Second, ,N,0, ,01:09:59,01:30:58,02:37:08,03:09:32,04:21:25,04:48:58
Details/Certificate,359th,74,Raphael Sun,Team WNT,MU23,04:49:00,Second, , ,1, ,01:04:06,01:24:36,02:24:46,02:52:20,04:00:06,04:49:00
Details/Certificate,360th,467,Peter Spencer,U/A Brierfield,,,,,,,,,,,,,
Details/Certificate,361st,620,Andrew Porter,U/A Skipton,MV50,04:49:12,Second, , ,2, ,01:13:33,01:35:05,02:42:23,03:11:41,04:22:14,04:49:12
Details/Certificate,362nd,473,Nigel Tuley,U/A Skipton,MV40,04:49:13,Second, ,N,0, ,01:13:26,01:32:57,02:39:34,03:08:04,04:23:28,04:49:13
Details/Certificate,363rd,257,Neil Wilkinson,Billy Redmayne Racing,MV40,04:49:23,Second, ,N,0, ,01:09:15,01:29:15,02:36:11,03:04:34,04:21:36,04:49:23
Details/Certificate,364th,229,Edward Holey,U/A Harrogate,M,04:49:24,Second, ,N,0, ,01:10:31,01:35:56,02:39:15,03:09:35,04:18:43,04:49:24
Details/Certificate,365th,605,Piers BarberStrava,U/A Keighley,MV50,04:49:49,Second, , ,1, ,01:11:12,01:32:00,02:39:24,03:09:02,04:23:00,04:49:49
Details/Certificate,366th,36,Emma OsentonFacebookTwitterInstagram,Kinesis - Morvelo,FV40,04:50:41,Second, , ,3, ,01:13:12,01:39:35,02:43:41,03:17:30,04:22:16,04:50:41
Details/Certificate,367th,246,Darren Swales,AlbaRosa CC,MV40,04:50:43,Second, ,N,0, ,01:12:45,01:37:08,02:39:31,03:13:05,04:22:58,04:50:43
Details/Certificate,368th,623,Alastair Silver,U/A Cockermouth,MV50,04:51:26,Second, ,N,0, ,01:10:08,01:30:13,02:43:10,03:12:09,04:23:16,04:51:26
Details/Certificate,369th,524,Sandy Meek,Here Come The Belgians,MV50,04:51:30,Second, , ,3, ,01:03:17,01:23:10,02:24:10,02:51:21,04:02:33,04:51:30
Details/Certificate,370th,205,Neil Harris,Tri2o,M,04:51:33,Second, ,N,0, ,01:09:41,01:31:43,02:36:14,03:07:10,04:20:08,04:51:33
Details/Certificate,371st,387,Garry Cockroft,Shibden CC,MV40,04:51:36,Second, , ,3, ,01:11:58,01:31:54,02:39:25,03:14:34,04:23:40,04:51:36
Details/Certificate,372nd,624,Michael Spencer,U/A Scunthorpe,MV50,04:52:00,Second, , ,8, ,01:11:04,01:32:58,02:39:41,03:10:13,04:21:02,04:52:00
Details/Certificate,373rd,271,Martin Price,Calder Clarion,MV40,04:52:03,Second, , ,3, ,01:12:48,01:32:54,02:36:46,03:04:47,04:24:50,04:52:03
Details/Certificate,374th,86,Allister MacSorley,Apollo Cycling Team,M,04:52:40,Second,G, ,5,P/S Fred & Allister MacSorley,01:16:53,01:36:52,02:46:04,03:13:58,04:26:32,04:52:40
Details/Certificate,375th,505,Andrew Simpson,Doncaster Wheelers CC,MV50,04:52:42,Second, , ,2, ,01:09:19,01:33:46,02:39:19,03:10:07,04:25:11,04:52:42
Details/Certificate,376th,591,Mark Whitaker,Todmorden Harriers,MV50,04:53:37,Second, , ,14, ,01:13:43,01:36:11,02:42:22,03:12:56,04:24:54,04:53:37
Details/Certificate,377th,504,Gary Hardie,Cyclewise Altura,MV50,04:53:39,Second, , ,12, ,01:11:25,01:32:12,02:38:18,03:11:24,04:26:15,04:53:39
Details/Certificate,378th,486,Darren ParsonsFacebook,Bici-Pazzo RT,MV50,04:53:58,Second, ,N,0, ,01:10:57,01:35:45,02:40:08,03:14:01,04:24:37,04:53:58
Details/Certificate,379th,573,David Clark,Richmond CC,MV50,04:54:00,Second, , ,11, ,01:08:46,01:30:56,02:36:17,03:05:20,04:22:54,04:54:00
Details/Certificate,380th,553,Mike Sheldrake,Leicester Forest CC,MV50,04:54:04,Second, ,N,0, ,01:08:40,01:29:53,02:32:09,03:02:18,04:23:20,04:54:04
Details/Certificate,381st,250,Nicholas Knight,Basildon CC,MV40,04:54:06,Second, , ,1, ,01:12:10,01:36:15,02:41:58,03:13:52,04:23:07,04:54:06
Details/Certificate,382nd,534,Andy Whitworth,Huddersfield RC / Salamander Fabrications,MV50,04:54:11,Second, , ,24, ,01:11:18,01:34:29,02:42:54,03:13:38,04:24:36,04:54:11
Details/Certificate,383rd,50,Nicola Davies,Beacon Wheelers,FV50,04:54:21,Second, , ,8, ,01:11:12,01:32:31,02:39:20,03:11:00,04:23:25,04:54:21
Details/Certificate,384th,475,Dominic Wilson,U/A London,MV40,04:54:35,Second, ,N,0, ,01:07:32,01:36:03,02:37:27,03:15:09,04:18:08,04:54:35
Details/Certificate,385th,118,Ronan Kearney,Epic MTB,,,,,,,,,,,,,
Details/Certificate,386th,349,Duncan Humphreys,Malton Wheelers,MV40,04:54:47,Second, , ,20, ,01:14:06,01:34:45,02:42:35,03:11:16,04:27:01,04:54:47
Details/Certificate,387th,206,James Balding,Twenty3c CC,M,04:56:22,Second, , ,1, ,01:10:54,01:33:54,02:39:28,03:12:55,04:25:09,04:56:22
Details/Certificate,388th,191,Tom Blankenstein,SR Albannach,M,04:56:54,Second, ,N,0, ,01:06:20,01:26:37,02:37:26,03:06:38,04:27:23,04:56:54
Details/Certificate,389th,513,Richard Ibberson,Fleet Feet Knoxville Racing - TN USA,MV50,04:56:55,Second, ,N,0, ,01:12:16,01:36:41,02:42:39,03:16:15,04:26:14,04:56:55
Details/Certificate,390th,44,Jill EcclestonFacebookTwitterInstagramStrava,Settle Wheelers / Run Bike Fun,FV40,04:56:58,Second, , ,4, ,01:13:49,01:34:15,02:43:08,03:13:03,04:29:11,04:56:58
Details/Certificate,391st,292,Rupert Finn,Fat Boys,MV40,04:57:04,Second, , ,1, ,01:14:41,01:35:02,02:43:53,03:12:20,04:29:13,04:57:04
Details/Certificate,392nd,447,Peter Fink,U/A Hoefen,,,,,,,,,,,,,
Details/Certificate,393rd,549,Richard Ballantine,Keighley & Craven AC,MV50,04:57:07,Second, , ,8, ,01:13:33,01:36:31,02:46:20,03:14:57,04:28:55,04:57:07
Details/Certificate,394th,485,James Wright,Berkhamsted Cycling Club,MV50,04:57:17,Second, ,N,0, ,01:14:15,01:36:42,02:44:00,03:15:51,04:29:16,04:57:17
Details/Certificate,395th,474,Seamus WhiteFacebookTwitterStravaPower Of Ten,U/A Leek,MV40,04:57:19,Second, ,N,0, ,01:12:39,01:35:15,02:40:44,03:12:42,04:26:15,04:57:19
Details/Certificate,396th,463,Matt PriceStrava,U/A Duffield,MV40,04:57:20,Second, , ,2, ,01:11:29,01:34:04,02:38:29,03:08:58,04:31:14,04:57:20
Details/Certificate,397th,8,Heather Tuffs,Clifton CC / Haxby Cycles,F,04:57:25,Second, , ,5, ,01:05:36,01:30:25,02:27:09,03:00:01,04:18:32,04:57:25
Details/Certificate,398th,366,Ben Reidy,Pedalworks Performance Team,MV40,04:57:27,Second, ,N,0, ,01:14:08,01:36:35,02:43:14,03:15:50,04:27:23,04:57:27
Details/Certificate,399th,527,Mark Ferguson,High Peak Cycles,MV50,04:57:45,Second, , ,15, ,01:20:40,01:43:40,02:49:31,03:19:09,04:32:55,04:57:45
Details/Certificate,400th,478,Roger LockleyFacebook,54 Eleven RT,MV50,04:57:47,Second, , ,1, ,01:12:28,01:33:57,02:43:14,03:13:48,04:28:14,04:57:47
Details/Certificate,401st,10,Kathrine Sharp,Hope Factory Racing,F,04:57:48,Second, ,N,0, ,01:15:32,01:36:59,02:45:35,03:15:58,04:30:02,04:57:48
Details/Certificate,402nd,384,Stuart Blackburn,Seacroft Wheelers,MV40,04:58:08,Second, , ,25, ,01:10:48,01:30:47,02:45:22,03:12:58,04:30:16,04:58:08
Details/Certificate,403rd,228,Erkki Hedenborg,U/A Helsinki,M,04:58:09,Second, ,N,0, ,01:14:54,01:34:48,02:44:41,03:14:01,04:29:45,04:58:09
Details/Certificate,404th=,629,Gary Little,Ashfield RC,MV60,04:58:13,Second, ,N,0, ,01:13:05,01:37:04,02:43:24,03:18:44,04:29:11,04:58:13
Details/Certificate,404th=,465,Robert Richardson,U/A Bolton,MV40,04:58:13,Second, , ,2, ,01:10:03,01:29:36,02:39:12,03:08:17,04:33:13,04:58:13
Details/Certificate,406th,495,Donald Gray,Cardiff JIF/Cyclopaedia,MV50,04:58:58,Second, , ,8, ,01:13:30,01:37:26,02:45:04,03:17:27,04:29:07,04:58:58
Details/Certificate,407th,249,Andrew Bonwick,Basildon CC,MV40,04:59:07,Second, , ,1, ,01:10:45,01:33:04,02:38:04,03:19:06,04:31:08,04:59:07
Details/Certificate,408th,342,Richard BellStrava,Leicester Forest CC,MV40,04:59:21,Second, , ,2, ,01:09:28,01:29:21,02:35:54,03:19:16,04:32:27,04:59:21
Details/Certificate,409th,586,Philip Wadsworth,Swaledale Outdoor Club,MV50,04:59:22,Second, , ,7, ,01:12:35,01:36:03,02:42:45,03:12:39,04:28:33,04:59:22
Details/Certificate,410th,481,Russ ForsdickTwitterStrava,Ashfield RC,MV50,04:59:25,Second, , ,1, ,01:14:47,01:36:35,02:48:55,03:18:05,04:32:18,04:59:25
Details/Certificate,411th,24,Amber Southern,U/A Thirsk,F,04:59:49,Second, ,N,0, ,01:13:52,01:36:42,02:42:40,03:14:17,04:27:11,04:59:49
Details/Certificate,412th,296,Peter WellockStrava,Forest Side Riders,MV40,04:59:52,Second, , ,2, ,01:13:58,01:36:46,02:45:40,03:17:57,04:31:24,04:59:52
Details/Certificate,413th,343,Richard Jackson,Leicester Forest CC,MV40,04:59:59,Second, ,N,0, ,01:11:01,01:33:01,02:41:50,03:13:36,04:29:22,04:59:59
Details/Certificate,414th,500,Daniel Doncaster,Cycle Club Ashwell,MV50,05:00:34,Merit, , ,4, ,01:15:44,01:38:38,02:46:27,03:20:40,04:31:58,05:00:34
Details/Certificate,415th,461,Eddie Mills,U/A Burton-in-Lonsdale,MV40,05:01:04,Merit, ,N,0, ,01:13:18,01:33:00,02:43:03,03:11:16,04:29:30,05:01:04
Details/Certificate,416th,414,Ian Burke,VC Sevale,,,,,,,,,,,,,
Details/Certificate,417th,227,Tom Hebditch,U/A Otley,M,05:01:38,Merit, , ,1, ,01:11:48,01:33:36,02:39:48,03:17:02,04:32:14,05:01:38
Details/Certificate,418th,239,James Tiffany,U/A Otley,M,05:01:39,Merit, , ,1, ,01:11:16,01:33:42,02:38:45,03:17:04,04:30:40,05:01:39
Details/Certificate,419th,313,Mark Beaumont,Hope Factory Racing,MV40,05:01:53,Merit, , ,3, ,01:10:23,01:28:49,02:54:15,03:22:20,04:36:44,05:01:53
Details/Certificate,420th,609,Paul Dann,U/A Lincoln,MV50,05:02:06,Merit, , ,7, ,01:15:42,01:40:32,02:48:10,03:20:56,04:32:22,05:02:06
Details/Certificate,421st,405,Paul Lewis,The Bulls,MV40,05:03:00,Merit, ,N,0, ,01:12:00,01:33:14,02:41:08,03:10:36,04:33:56,05:03:00
Details/Certificate,422nd,222,Robert Coppock,U/A Northwich,M,05:03:32,Merit, ,N,0, ,01:09:52,01:30:07,02:40:39,03:10:28,04:36:13,05:03:32
Details/Certificate,423rd,615,Jim Londesborough,U/A Swadlincote,MV50,05:03:50,Merit, , ,6, ,01:16:13,01:40:15,02:46:53,03:16:29,04:34:18,05:03:50
Details/Certificate,424th,41,Alison Rushton,Ribble Valley Juniors,FV40,05:03:55,Merit, ,N,0, ,01:12:19,01:33:16,02:39:24,03:16:22,04:33:48,05:03:55
Details/Certificate,425th,567,James Cullen,Otley CC / Chevin Cycles,MV50,05:04:00,Merit, , ,5, ,01:09:23,01:35:37,02:42:54,03:18:11,04:30:50,05:04:00
Details/Certificate,426th,30,Sue Fisher,Chinley Churners Cycling Club,FV40,05:04:01,Merit, , ,3, ,01:17:20,01:39:02,02:50:36,03:20:15,04:36:18,05:04:01
Details/Certificate,427th,55,Brenda Callander,Stirling Bike Club,FV50,05:04:42,Merit, , ,1, ,01:13:47,01:37:43,02:44:40,03:19:11,04:33:00,05:04:42
Details/Certificate,428th,265,Nick Everington,C & N Cycles,MV40,05:06:00,Merit, ,N,0, ,01:15:25,01:39:21,02:44:59,03:18:06,04:34:39,05:06:00
Details/Certificate,429th,472,Brian Tomlinson,U/A Bristol,MV40,05:06:17,Merit, , ,1, ,01:14:51,01:36:52,02:46:11,03:17:40,04:36:36,05:06:17
Details/Certificate,430th,81,Tom Renwick,U/A Austwick,MU23,05:06:41,Merit, , ,1, ,01:08:30,01:28:23,02:38:51,03:16:32,04:35:54,05:06:41
Details/Certificate,431st,416,Peter HarrisonFacebookTwitterStrava,Velo Club Lincoln,MV40,05:06:49,Merit, ,N,0, ,01:15:35,01:39:37,02:48:28,03:21:00,04:34:01,05:06:49
Details/Certificate,432nd,102,Robert Morris,Bowland Fell Runners,M,05:07:19,Merit, ,N,0, ,01:18:46,01:40:36,02:51:13,03:20:44,04:38:10,05:07:19
Details/Certificate,433rd,637,Stephen Gath,Selby CC,MV60,05:07:23,Merit,G, ,24,P/S Stephen & Craig Gath,01:14:19,01:37:22,02:46:24,03:19:05,04:36:28,05:07:23
Details/Certificate,434th,31,Tabitha RendallTwitter,Club Cyclopark,FV40,05:07:57,Merit, , ,3, ,01:15:54,01:38:30,02:49:29,03:20:30,04:38:24,05:07:57
Details/Certificate,435th,422,Adrian KillworthFacebook,Welland Valley CC,MV40,05:08:01,Merit, , ,7, ,01:20:19,01:44:05,02:55:48,03:28:24,04:41:26,05:08:01
Details/Certificate,436th,484,Rob Ford,Beeline Bicycles RT,MV50,05:08:07,Merit, ,N,0, ,01:09:44,01:31:07,02:36:47,03:13:52,04:37:44,05:08:07
Details/Certificate,437th,4,Gemma TowellFacebook,All Terrain Cycles Ride in Peace,F,05:08:29,Merit, , ,1, ,01:17:17,01:42:53,02:51:50,03:26:36,04:39:24,05:08:29
Details/Certificate,438th,147,James Robb,Islington CC,M,05:08:52,Merit, ,N,0, ,01:13:15,01:39:25,02:44:52,03:16:20,04:36:24,05:08:52
Details/Certificate,439th,439,Pete AylwardTwitter,U/A Newbury,MV40,05:08:53,Merit, , ,1, ,01:16:02,01:37:41,02:45:58,03:17:12,04:41:52,05:08:53
Details/Certificate,440th,493,Peter Davis,Buxton cc,MV50,05:09:01,Merit, , ,1, ,01:17:53,01:40:23,02:51:48,03:21:10,04:37:48,05:09:01
Details/Certificate,441st,593,Davie Graham,Velo Club Moulin,MV50,05:09:08,Merit, , ,2, ,01:13:36,01:36:48,02:44:01,03:15:26,04:37:54,05:09:08
Details/Certificate,442nd,391,Stephen HanniganFacebookTwitterInstagramStrava,Skipton Cycling Club,MV40,05:09:11,Merit, , ,1, ,01:10:38,01:33:00,02:43:42,03:18:15,04:38:08,05:09:11
Details/Certificate,443rd,569,Andrew Moxon,Otley CC / Chevin Cycles,MV50,05:09:13,Merit, , ,9, ,01:14:57,01:36:34,02:48:23,03:20:46,04:39:42,05:09:13
Details/Certificate,444th,397,Paul Ingram,SYTri Shrewsbury Triathlon,MV40,05:09:35,Merit, ,N,0, ,01:12:06,01:34:59,02:40:09,03:11:06,04:31:18,05:09:35
Details/Certificate,445th,240,David Vukomanovic,U/A London,M,05:09:53,Merit, ,N,0, ,01:13:38,01:34:05,02:38:33,03:31:08,04:41:21,05:09:53
Details/Certificate,446th=,17,Helen GormanTwitter,Stirling Bike Club,F,05:11:03,Merit, ,N,0, ,01:17:04,01:42:29,02:52:36,03:28:40,04:42:11,05:11:03
Details/Certificate,446th=,547,Robert Leslie Burns,Islabikes,MV50,05:11:03,Merit, , ,5, ,01:18:05,01:40:44,02:49:55,03:18:59,04:37:44,05:11:03
Details/Certificate,448th,136,Alistair Hanna,Howgill Harriers,M,05:11:06,Merit, ,N,0, ,01:12:03,01:34:26,02:42:50,03:23:53,04:40:19,05:11:06
Details/Certificate,449th,336,Phil Greenup,Kendal CC,MV40,05:11:08,Merit, ,N,0, ,01:18:54,01:42:32,02:54:24,03:26:08,04:43:47,05:11:08
Details/Certificate,450th,529,Tom Watt,Histon MTB,MV50,05:11:26,Merit, , ,4, ,01:08:12,01:31:19,02:37:19,03:23:49,04:36:25,05:11:26
Details/Certificate,451st,279,Daniel Hall,Cycle Club Ashwell,MV40,05:12:29,Merit, ,N,0, ,01:17:57,01:42:10,02:50:44,03:26:30,04:41:06,05:12:29
Details/Certificate,452nd,499,Adrian LordTwitterStrava,Condor Road Club,MV50,05:12:30,Merit, , ,7, ,01:16:05,01:39:46,02:54:15,03:29:15,04:44:51,05:12:30
Details/Certificate,453rd,273,Craig Standage,Cardiff JIF/Cyclopaedia,MV40,05:13:05,Merit, , ,7, ,01:18:06,01:37:14,02:53:40,03:20:53,04:47:50,05:13:05
Details/Certificate,454th,598,Marc Henderson,Welland Valley CC,MV50,05:13:15,Merit, , ,1, ,01:15:36,01:38:30,02:47:46,03:20:38,04:39:29,05:13:15
Details/Certificate,455th,39,Andrea Rodgers,Norton Wheelers,FV40,05:13:35,Merit,G, ,14,P/D Dave Halman & Andrea Rogers,01:15:04,01:37:57,02:49:21,03:28:28,04:41:13,05:13:35
Details/Certificate,456th,516,Dave Burns,Harrogate Nova,MV50,05:13:49,Merit, , ,3, ,01:12:24,01:34:47,02:45:49,03:18:21,04:42:38,05:13:49
Details/Certificate,457th,552,Alan BontoftTwitterStrava,Leicester Forest CC,MV50,05:14:32,Merit, , ,1, ,01:15:19,01:38:41,02:52:53,03:24:55,04:45:06,05:14:32
Details/Certificate,458th,157,Anthony Marsh,Maldon & District CC,M,05:14:57,Merit, ,N,0, ,01:06:03,01:25:02,02:25:34,03:21:25,04:31:15,05:14:57
Details/Certificate,459th=,57,Elizabeth Clayton,Stirling Bike Club & Lichfield City CC,FV50,05:15:08,Merit, , ,1, ,01:16:56,01:42:27,02:54:39,03:28:36,04:43:18,05:15:08
Details/Certificate,459th=,371,Gary Bees,Plymouth Corinthians,MV40,05:15:08,Merit, ,N,0, ,01:15:40,01:40:35,02:53:59,03:29:30,04:46:53,05:15:08
Details/Certificate,461st,224,Rob Drake,U/A Bromley,M,05:15:24,Merit, ,N,0, ,01:15:31,01:38:06,02:48:40,03:22:24,04:45:39,05:15:24
Details/Certificate,462nd,617,Neil McLaughlinTwitterStrava,Harrogate Nova,MV50,05:16:20,Merit, ,N,0, ,01:16:58,01:40:17,02:52:14,03:26:29,04:45:19,05:16:20
Details/Certificate,463rd,356,Nick Garside,Nebo Ridge - Indianapolis USA,MV40,05:16:22,Merit, ,N,0, ,01:17:05,01:41:18,02:48:59,03:23:15,04:42:50,05:16:22
Details/Certificate,464th,502,Richard LawrenceStrava,Cycle Club Ashwell,MV50,05:16:39,Merit, , ,1, ,01:18:34,01:42:13,02:55:05,03:30:30,04:48:08,05:16:39
Details/Certificate,465th,18,Samantha Burman,Team WNT,F,05:16:56,Merit, , ,2, ,01:20:45,01:42:59,02:54:16,03:30:09,04:46:52,05:16:56
Details/Certificate,466th,301,Chipps ChippendaleFacebookTwitterInstagram,grit.cx,MV40,05:16:58,Merit, , ,8, ,01:18:24,01:43:22,02:55:50,03:28:19,04:46:30,05:16:58
Details/Certificate,467th,196,Grant HillTwitterInstagramStrava,Team 18bikes,M,05:16:59,Merit, ,N,0, ,01:20:28,01:47:24,02:55:58,03:33:43,04:45:40,05:16:59
Details/Certificate,468th,340,Steven BowmanTwitterInstagram,KTM Impsport RT,MV40,05:17:19,Merit, , ,1, ,01:20:47,01:42:24,02:56:56,03:28:35,04:45:50,05:17:19
Details/Certificate,469th,571,Allan Greenwood,Paul Milnes Cycles / Bradford Olympic RC,MV50,05:17:21,Merit, , ,21, ,01:18:43,01:43:30,02:55:05,03:28:13,04:45:34,05:17:21
Details/Certificate,470th,536,Richard Edwards,Huddersfield Star Wheelers,MV50,05:17:28,Merit,G, ,5,P/S Richard & Tobias Edwards,01:15:55,01:39:35,02:51:21,03:26:02,04:46:57,05:17:28
Details/Certificate,471st,530,Jonathan Waugh,Holmfirth Cycling Club,MV50,05:18:02,Merit, , ,2, ,01:13:06,01:37:35,02:43:53,03:29:44,04:44:23,05:18:02
Details/Certificate,472nd,378,Andrew Male,Ridgeway Cycles,MV40,05:18:31,Merit, ,N,0, ,01:15:14,01:47:55,02:56:39,03:32:00,04:49:38,05:18:31
Details/Certificate,473rd,558,Dave MellorFacebookTwitter,Mid Shropshire Wheelers,MV50,05:18:39,Merit,G, ,4,P/S Dave Mellor & Ewan Grivell-Mellor,01:11:58,01:34:18,02:49:18,03:21:29,04:46:23,05:18:39
Details/Certificate,474th,621,Chris Pugh,U/A Richmond,MV50,05:18:42,Merit, , ,2, ,01:12:19,01:31:56,02:48:24,03:23:30,04:48:39,05:18:42
Details/Certificate,475th,574,Robin Worman,Royal Navy Royal marines CA,MV50,05:19:18,Merit, , ,6, ,01:18:37,01:40:47,02:53:59,03:26:53,04:49:30,05:19:18
Details/Certificate,476th,646,Brian Clayton,U/A Greenfield,,,,,,,,,,,,,
Details/Certificate,477th,90,Will Fenning,Ashfield RC,M,05:20:44,Merit, ,N,0, ,01:11:41,01:38:44,02:44:24,03:23:18,04:40:46,05:20:44
Details/Certificate,478th,557,Brian RenshawStrava,Macclesfield Wheelers,MV50,05:21:08,Merit, , ,17, ,01:21:48,01:42:53,02:57:42,03:29:20,04:51:36,05:21:08
Details/Certificate,479th,15,Julia Behnsen,Port Sunlight Wheelers,F,05:21:37,Merit, ,N,0, ,01:18:34,01:44:08,02:53:28,03:32:41,04:48:18,05:21:37
Details/Certificate,480th,457,Mark Kendall,U/A Cotswolds,MV40,05:22:14,Merit, ,N,0, ,01:11:06,01:34:43,02:36:36,03:09:59,04:15:46,05:22:14
Details/Certificate,481st,565,Peter Middlemiss,Otley CC,MV50,05:22:19,Merit,G, ,6,P/S Peter & Ryan Middlemiss,01:18:30,01:41:32,02:56:01,03:29:07,04:51:32,05:22:19
Details/Certificate,482nd,334,Paul LeavyFacebookTwitterStrava,Johnstone Wheelers,MV40,05:22:21,Merit, ,N,0, ,01:13:56,01:35:55,02:54:00,03:28:49,04:52:04,05:22:21
Details/Certificate,483rd,578,Stephen Moor,Settle Wheelers,MV50,05:23:36,Merit, , ,3, ,01:20:24,01:44:12,02:59:12,03:30:42,04:52:50,05:23:36
Details/Certificate,484th,580,Paul Crabtree,Shibden CC,MV50,05:23:47,Merit, , ,3, ,01:12:32,01:33:54,02:44:31,03:17:12,04:53:04,05:23:47
Details/Certificate,485th,197,Adam JohnsonTwitter,Team Monkey Mafia,M,05:23:58,Merit, , ,1, ,01:16:22,01:35:17,02:56:51,03:27:49,04:55:47,05:23:58
Details/Certificate,486th,320,Gary JacksonFacebookStrava,Huddersfield Star Wheelers,MV40,05:24:12,Merit, , ,4, ,01:16:44,01:36:05,02:48:27,03:20:53,04:53:34,05:24:12
Details/Certificate,487th,480,Paul McCormacFacebook,Apollo Cycling Team,MV50,05:24:32,Merit, , ,2, ,01:14:24,01:38:31,02:51:27,03:26:18,04:49:31,05:24:32
Details/Certificate,488th,401,Adrian Fitts,Team WNT,MV40,05:25:07,Merit, ,N,0, ,01:20:33,01:44:03,02:59:01,03:33:47,04:53:43,05:25:07
Details/Certificate,489th,390,Andrew Fletcher,Skipton Cycling Club,MV40,05:26:23,Merit, ,N,0, ,01:20:16,01:44:10,02:56:59,03:32:53,04:53:36,05:26:23
Details/Certificate,490th,649,Peter Walkington,Kent Valley,MV70,05:27:09,Merit, , ,26, ,01:18:38,01:43:10,02:53:29,03:38:27,04:55:24,05:27:09
Details/Certificate,491st,600,Alan Cook,Will's Wheels CC,MV50,05:27:10,Merit,G, ,5,P/D Alan & Isobel Cook,01:20:35,01:46:06,02:58:53,03:35:10,04:54:40,05:27:10
Details/Certificate,492nd,407,Steve Plunkett,TN715,MV40,05:27:15,Merit, , ,3, ,01:16:27,01:39:58,02:54:07,03:29:15,04:56:39,05:27:15
Details/Certificate,493rd,494,Peter Gillott,Calder Clarion,MV50,05:28:36,Merit, , ,1, ,01:18:30,01:42:15,02:55:44,03:33:15,04:57:13,05:28:36
Details/Certificate,494th,40,Lindsay Branston,RC Cumbernauld & Kilsyth - RCCK,FV40,05:29:21,Merit, ,N,0, ,01:16:35,01:41:47,02:55:13,03:35:19,04:53:45,05:29:21
Details/Certificate,495th,25,Emma Taylor,U/A Clitheroe,F,05:30:05,Merit, ,N,0, ,01:16:01,01:43:01,02:53:45,03:32:23,04:53:38,05:30:05
Details/Certificate,496th,208,Tony O Farrell,Velo Club Balrothery,M,05:30:23,Merit, ,N,0, ,01:19:13,01:43:06,02:56:31,03:35:35,04:55:53,05:30:23
Details/Certificate,497th,14,Lauren CracknellFacebookInstagram,Pedalon,F,05:30:25,Merit, ,N,0, ,01:19:58,01:47:36,03:02:01,03:38:52,04:57:08,05:30:25
Details/Certificate,498th,359,Chris Stacey,Otley AC / Transplant Sport,MV40,05:30:35,Merit, , ,6, ,01:19:17,01:43:39,02:58:23,03:33:33,04:57:32,05:30:35
Details/Certificate,499th,515,Martin Eadon,Hargroves Cycles RT,MV50,05:30:42,Merit, , ,13, ,01:15:14,01:37:42,02:58:53,03:35:43,05:03:19,05:30:42
Details/Certificate,500th,62,Matt Haygarth,Here Come The Belgians,MU18,05:30:53,Merit,G,N,0,P/S Phil & Matt Haygarth,01:15:28,01:36:55,02:51:31,03:24:39,04:55:43,05:30:53
